feature,weight
berkah,5.352953461236045
pstoto,4.551703089099252
situs,3.122073338890931
xuxu,3.013605298188028
bukit,2.831101825023331
dora,2.8200581990336495
bambu,2.805799666914548
bermain,2.5095634414840244
supermoney,2.382642297476938
pangeran,2.3804771962839686
giat,2.3473642845245375
kyt,2.326239753687749
pluto,2.1671661795142185
jptogel,2.075793927336048
jalak,2.0701736656611955
kuas,2.0603502056799936
fire,2.028939669574268
bbca,1.9765163430624868
rezeki,1.964161260058567
hoki,1.9047974578867075
poa,1.886665239076514
bardi,1.8859473131490487
insan,1.8630593607781822
ton,1.7787497390472171
gelora,1.7740711035680454
wahana,1.771343480087899
cuan,1.7489857846414623
main,1.7400265881596266
sepatu,1.6918191847496662
gacor,1.602045292971887
javaland,1.5627327898986552
heran,1.5140188439552933
menang,1.5014283316288959
weton,1.420713497186966
modal,1.4114113051348822
high,1.3960741666100374
pulau,1.3739613447213477
collision,1.3422636402191719
terpercaya,1.335224644595121
jarum,1.2971685276254061
sambil,1.2778312577160003
trending,1.273977494844255
lollipop,1.2440885688811794
king aloy,1.2411046243559127
cermat,1.2404977561511876
joy face,1.2387517370635535
emosi,1.2315809112587415
podcastnya,1.228383458894941
besar,1.2212293994015497
mangkok,1.2164573711449804
jamin,1.2088090032221352
harta,1.20732751878881
bonus,1.204738289042682
bem,1.19354946312511
pushpin,1.1857989642787754
cantik high,1.183904046310827
maxwin,1.1601596635675324
drooling,1.1591968430055224
drooling face,1.1591968430055224
eropa,1.1386413657974777
langsung,1.1314682067320105
real,1.124674483541219
tetap,1.1232006746238348
peluang,1.122955792465648
button,1.1157149070675847
voli,1.1137931583678022
selalu,1.1117046685660192
spesial,1.109604004876267
juara dunia,1.1086953597278506
serius,1.1045629728130062
star,1.099357419338535
kino,1.0976822065361063
jepe,1.0976727886649946
ragu,1.0841474360107985
sastra,1.073518322578243
hasil,1.0697945723242563
solusi,1.0675820227360497
green,1.0579173345517452
auto,1.0528568773980376
logic,1.0460863885670229
singgah,1.0435321878738415
kejutan,1.0355090224883756
nagamastoto,1.0210180405299414
high voltage,1.0182576413782398
voltage,1.0182576413782398
kobe,1.0029664813502033
toga,0.9902055790666547
populer,0.9885354721645359
segampang,0.981500915998914
langsung aja,0.9796480219832289
batre,0.9774309049699796
mainkan,0.9760008849645239
google,0.9747845303163986
bravy,0.9721802565657471
grinning squinting,0.9721479432443028
gac rwin,0.9662630680493169
gac,0.9662630680493169
rwin,0.9662630680493169
squinting,0.9615503496431727
squinting face,0.9615503496431727
konten selalu,0.9582116522066433
wkwkkw,0.9502391516205612
disini,0.9490295309579395
sinden,0.9438515655566414
hadiah,0.9405205388700909
gak pernah,0.9404371642335686
tuyul,0.9372037837785812
wd,0.9322368940114174
red,0.9319806287008825
juara,0.9310562317249269
tiada,0.9292207596473407
parkit,0.9287830078630297
ribbon,0.9189542079320108
pengguna,0.9026312198470479
nemu,0.9025645831071512
visualnya,0.8968006255715708
ngerti,0.8951072495446384
blossom,0.8912665066719816
snowflake,0.8862503805441431
terbaik,0.8847830453224222
healing,0.8823322672101388
berikan,0.8819448422386469
warung,0.8797076878934964
tujuh,0.8785098902843123
wajib,0.8741433125307216
aero,0.8728917816278967
pantas trending,0.869532350682545
jaminnn,0.8681993533819364
ikut,0.8676165029954823
rtp,0.8631799180689991
hari,0.8580779095458779
keju,0.8555997412678907
nambah,0.8548139779050601
sajak,0.8528444153079764
promo,0.8527949485003098
berkat,0.8517448710174016
event,0.8516135046413431
buka,0.851063155026324
stasiunhoki,0.8497033777134001
berbagi,0.8421098784712061
indra,0.841015220921037
gampang,0.8381783008570206
apaan,0.8337032358314733
dola,0.8264528739054527
naga,0.8243117879155328
emang,0.8238410837284782
relieved,0.8191817919043952
relieved face,0.8191817919043952
bawa pulang,0.8178021804681416
banyak game,0.8008211268706069
game seru,0.8008211268706069
bullseye,0.8007636902353115
keren,0.8003203564198907
sempit,0.7970521533927662
trophy,0.7961973118471581
buruan,0.795596077076493
pantas,0.7929424082933257
whale,0.7907470963747967
untung,0.790265224932532
ngasih,0.7866723652186001
abis,0.7839651149070863
teruss,0.782032501326311
sparkles,0.7818165121668519
naik,0.780826103811354
jackpot,0.7780263567602476
crown bem,0.7760461788481479
bem crown,0.7760461788481479
sesuai,0.7760390346810588
cepat,0.7721484941113199
game paling,0.7696251634696738
mental,0.7667055175236908
menang jutaan,0.7665784674724065
money,0.7639683918163608
bbca grinning,0.7632902458350133
joy bbca,0.7632902458350133
king,0.7624698060349467
crown,0.7601739950299348
maen,0.7595989025499852
gas,0.7554699438566642
nahan,0.7529329677098324
stone,0.7471477089827607
gem stone,0.7471477089827607
gem,0.7471477089827607
kemenangan,0.746672747111402
victory hand,0.746061455262251
victory,0.746061455262251
berkali,0.7439382864763113
berkali kali,0.7439382864763113
tempatnya,0.7324916857391955
utama,0.7323784885117457
pasti,0.7224596654588689
gampang jepe,0.7213316902235618
kira orang,0.718288022196897
main high,0.7174352211185541
penasaran,0.7170785523374182
nagih,0.7141055086841701
pecah,0.7130113211757914
duit,0.7109064656668709
gak pelit,0.7090942407763727
da,0.7089545596879488
tujuh tujuh,0.7087762479333055
globe,0.7077804072037681
anak kecil,0.7059152440651733
slot,0.7033212481402584
kreatif,0.7021754535710416
senyum,0.6998314727006334
gokil,0.6940618562904066
betawi,0.6897899120020714
dompet,0.689398461533391
keberuntungan,0.6888728500407494
ton cerita,0.6879984004137644
wedey,0.6845540346313532
face bbca,0.6829946865018127
cobain,0.6826475744361616
situs lain,0.6813581330911244
circle,0.6809060037864407
pagi pagi,0.6791201278112063
buka pstoto,0.6775780880726235
perhatian,0.6765734365999772
nyata,0.6750122839998823
jangan ragu,0.6724375110719399
green square,0.6700279943100745
square,0.6700279943100745
warna,0.6694736022600722
salam bambu,0.6689574671458733
mark button,0.6686542407643994
pascol,0.6680831533188063
katanya,0.6611388816326559
pas dapat,0.6601285463275608
joy abs,0.6597358494816095
nonton sambil,0.6574870318941766
gagal,0.657102742503135
viral,0.6549351453463215
ikutin,0.6547442302642754
bardi green,0.654486783685799
bermain sepatu,0.6512118810724012
hanya,0.650914178877755
bacot,0.6490467769652256
arrow,0.644726878590355
optimis,0.6442461114125765
backhand,0.6428576197989431
backhand index,0.6428576197989431
layanan,0.6423337825855832
heart eyes,0.6386026904650015
with heart,0.6386026904650015
bkin,0.6384882858757237
memanjakan,0.6382898183560581
memanjakan mata,0.6382898183560581
datang,0.6380499702531353
fire fire,0.636534484928583
lain,0.6357342847633776
sang,0.6324163095283505
lalu,0.6309551482683015
terima,0.6304376853651147
sambilan,0.6304365776427199
hand,0.6289083365073111
abs,0.6285929930499371
rb menang,0.6285929930499371
tenang,0.6283987410815994
vios,0.6265916176664375
situs vios,0.6265916176664375
bambu memang,0.6265792330009122
memberi,0.626111045014329
pelayanan,0.6226263969425196
semakin,0.6216439473492285
gw ga,0.6204749674774301
selain,0.6203899071390502
lain mah,0.6198879816230028
saldo,0.6132402819540447
kepala,0.6128687356286964
eyes smiling,0.6114906950358527
sumber,0.6086039573723477
menemukan,0.6086039573723477
dunia,0.608563149335676
face,0.6082572003921656
bangett,0.607846070403315
hatching chick,0.6077291704864972
chick,0.6077291704864972
hatching,0.6077291704864972
simba,0.606651132349538
gabut,0.6064137707249475
platform,0.6048803030408731
bosen,0.6048544663484261
winrate,0.6043975448085632
kyt lollipop,0.6026658289306193
lollipop kyt,0.6026658289306193
like,0.6013087829190613
star bardi,0.6012757877497483
bardi star,0.6012757877497483
pindah,0.6008669938359286
kaya gini,0.6002708357984429
website,0.6002708357984429
cuman,0.600113496141608
cuma,0.599985673794269
tempat seru,0.5998939505318831
heart bukit,0.5990466319493463
kayak situs,0.5989093854466455
maju,0.5979540504278631
bocor,0.5942914237053392
gamer,0.5939489398303219
medal,0.5925650171588899
dora gachor,0.5923323875361675
eagle,0.592059866403858
bre,0.5900093310144301
mantul,0.5891807191635062
lo,0.588042343804903
pandawa,0.5873475857684772
bantu,0.5870468630908612
berharga,0.5863550797081415
disini bro,0.5834293728472822
sambil nahan,0.5815956304439983
mainnya,0.5796140495388055
ngomongin,0.5784974596040029
tiap hari,0.5784019364939659
selalu kreatif,0.5749218836923979
cherry blossom,0.5748850628189842
cherry,0.5748850628189842
semuanya,0.5742656828307866
melimpah,0.573783045295008
keren sih,0.573783045295008
fajar,0.5718188933556697
gachor,0.5706783534682022
emang ga,0.5701341512468854
logika,0.5698933275202434
back,0.5698082607855051
ulang,0.5680797593381448
red exclamation,0.5677132384360953
exclamation,0.5677132384360953
exclamation mark,0.5677132384360953
suka maen,0.5666881745607203
dewasa,0.5665316157573398
konten,0.5664047995183574
hasilnya,0.5649347819508628
cnd,0.5644694047199912
pstoto keren,0.5623914301671016
mark,0.5623532567404151
bahagia,0.5613081738934209
hebat,0.5609715682329051
join,0.5594037442568291
penuh,0.5577978231924681
waktunya,0.5552068057906852
brutal,0.5546981819259429
ahhh,0.5542352872687878
kerja keras,0.5525593788728693
green circle,0.5525215035361244
nasi,0.5523985023668603
heart mona,0.551623962337284
mona,0.551623962337284
withdraw,0.5503173697591208
transisi,0.5467186207540065
riang,0.5445909449666266
hubungan,0.5439167524217138
aj aku,0.5437754561403408
gift,0.5424980469852625
wrapped,0.5424980469852625
wrapped gift,0.5424980469852625
daftar sekarang,0.5415447806156505
orange,0.5409155470344759
orange heart,0.5409155470344759
junior,0.5408354938568953
depo,0.539799779309654
raised,0.5379887146020707
miya,0.5364545348873152
tongue,0.535851318242813
with tongue,0.535851318242813
brok,0.5352609999679758
selama,0.5327483353473697
kontennya,0.5315096520010953
menangnya,0.5309661635240779
eyes,0.5259018729390247
capek nontonnya,0.5257739425454021
gak capek,0.5257739425454021
no,0.5250050990832459
panggil,0.5247465484575082
with wings,0.5240326600862127
wings,0.5240326600862127
money with,0.5240326600862127
ceria,0.5236038150116439
kyt snowflake,0.5234337514893707
snowflake kyt,0.5234337514893707
sempurna,0.5233877331034653
otw,0.522701224924506
rezeki datang,0.5225003533474646
yin,0.5223421054801031
quot,0.5219836717021484
beaming face,0.5216796288275176
beaming,0.5216796288275176
sambal,0.5210217070010205
situs nagamastoto,0.5198114182225384
mudah,0.5194477564880489
gak,0.518377341903878
mood,0.5173962430240702
bosku,0.5173838489023235
makin,0.5162233331499048
bermain bersama,0.5156716372371454
tanboy,0.5144449260634691
joy sukses,0.514335587170583
emang the,0.5140146310324795
rame,0.5139505839873328
kuat kayak,0.5135554044707907
ges,0.5125961826024115
enak bermain,0.5123563341894979
mikir,0.5112958266567669
henti,0.5110660343184766
wifi,0.5086093598416449
pushpin bardi,0.5066463644042911
bardi pushpin,0.5066463644042911
caer,0.5041094241021763
caeer caer,0.5041094241021763
caeer,0.5041094241021763
dehh,0.5041094241021763
ga obat,0.5041094241021763
obat dehh,0.5041094241021763
pacar,0.5035927136054429
apaan sih,0.503031619778544
meriah,0.5025040573142546
merapat,0.5024995876785502
banyak orang,0.501998912089621
springs,0.4999377132658655
crossbones hamburger,0.4999377132658655
hot springs,0.4999377132658655
skull and,0.4999377132658655
crossbones,0.4999377132658655
and crossbones,0.4999377132658655
hamburger roma,0.4999377132658655
roma hot,0.4999377132658655
roma,0.4999377132658655
hamburger,0.4999377132658655
hiburan,0.499623943487407
update,0.49849218403744755
menghibur,0.49588727857589204
blom,0.49367753219122823
kesukaan,0.49362600346821883
yng,0.4930571904296889
check,0.4924258535735078
check mark,0.4924258535735078
afdol,0.4913939190766144
hasil kerja,0.4913939190766144
kesuksesan hasil,0.4913939190766144
pulau fire,0.4887775331934021
bareng,0.4879593208551666
buka jalak,0.4877393642703275
berubah,0.48704467514161515
main gelora,0.48698211790951235
pojok,0.4866723833944388
putus,0.4859152331626998
visualnya memanjakan,0.484923492417314
and,0.48418507931801097
zany,0.483967389098828
zany face,0.483967389098828
tongue zany,0.483967389098828
tipis,0.48330803545709433
best,0.48265498821989805
cuan gede,0.48136663911727773
suit,0.48058832887087394
heart suit,0.48058832887087394
doa,0.4770895238014368
epic,0.4764965998440328
vibes,0.475375635798304
minimal,0.4749020873355746
siapa sih,0.4737313121975972
puncak,0.47354182519522553
popularitas,0.47354182519522553
pengalaman bermain,0.47242276551861956
nomor satu,0.4719444220730977
party,0.47144466656282125
face face,0.47120114551408354
sepanjang,0.47105771147849773
jutaan party,0.4704639213017353
kayak berkah,0.46944429144428296
recommended,0.4693126514806522
soal,0.46834529408472786
siap,0.46776501436736756
saran aja,0.467631385242755
cair,0.46736961706634583
ketik google,0.46702797338225877
google whale,0.46702797338225877
junior whale,0.46702797338225877
ketik,0.46702797338225877
whale junior,0.46702797338225877
thank you,0.4663009849398918
thank,0.4663009849398918
ngakakkk,0.4661463090523321
idola,0.4653864661888232
spin,0.4641784341860168
kemaren cobain,0.4635177327570306
st place,0.46235064721177027
place medal,0.46235064721177027
st,0.46235064721177027
ribu,0.4618303892533644
glowing,0.461447265479371
glowing star,0.461447265479371
jurnal,0.4609829139806455
mulus,0.45907449598720207
dp,0.4584269212923353
sukak,0.45721309387937936
duet,0.4569245407874064
awal,0.4562459998675741
situss,0.4553765509180822
aku sukaa,0.4553765509180822
sukaa,0.4553765509180822
situss paling,0.4553765509180822
paling aku,0.4553765509180822
janji,0.4551522956367106
pstoto ga,0.4545934758802762
pelit,0.4526645111235158
money mouth,0.45256957830802585
bem gem,0.45244300222779404
stone bem,0.45244300222779404
bagaimana,0.45235661891394285
frimawan,0.45229988017926404
gak ngerti,0.45220896041626024
prediksi,0.45008269954724217
semoga berkah,0.449733647484998
manfaatkan,0.4493270879798338
keberhasilan,0.44489680320008534
tiket green,0.44347891437359505
nyoba,0.44157123614610294
rasa,0.4406943884833737
terbaik dah,0.44067229840531486
temen,0.4393528311480316
mouth face,0.4392495755306154
nyobain,0.4380115969312646
nomplok hari,0.43781171300647764
with meridians,0.4375909649583806
globe with,0.4375909649583806
meridians,0.4375909649583806
the best,0.437168254181826
menguntungkan,0.4349926936472044
relatable,0.4349743198290785
kosong,0.434520423730037
marah marah,0.43411503707933785
sahabat,0.43398929121817287
pstoto gak,0.4326085996271898
laughing bbca,0.431963055736072
winking,0.43185838825863665
winking face,0.43185838825863665
dsini,0.4314261815919437
jajan,0.43093168367514617
bener bener,0.43026349706455824
pantes,0.4300824049655746
jp,0.4289873447205947
tiket,0.42726655164898586
bermain dora,0.42641059958656297
nomplok,0.42492606290372154
rezeki nomplok,0.42492606290372154
levis,0.42480165366423445
mantap awal,0.4247074848371302
berhasil,0.4246956305661541
pagi,0.4246036983724592
berkesan,0.42458433621036323
hanya vikingtoto,0.4232830858480329
vikingtoto,0.4232830858480329
link gacor,0.4232830858480329
pushpin link,0.4232830858480329
buktikan,0.42306435778119234
jaya,0.42162376465006995
penarikan,0.4214080786326205
gaya visualnya,0.42071734165625857
visualnya khas,0.42071734165625857
momen,0.41920408744708015
rupiah,0.4190256619946106
squad,0.4186146698120504
squad tujuh,0.4186146698120504
bersykur,0.41736029723238754
bang berkah,0.41736029723238754
lupa bersykur,0.41736029723238754
bersykur bang,0.41736029723238754
halus,0.4168410152742156
ingat,0.4166650482664468
aku yakin,0.41511192208706893
cepetan,0.41374872623607717
piring,0.4118255984765904
modal receh,0.4115684033507555
receh,0.4115684033507555
berapapun,0.411046642808539
rocket,0.40820370262880246
kayak,0.4065112158699042
pengalaman,0.4064695753123795
exploding head,0.40601278340117153
exploding,0.40601278340117153
head,0.40601278340117153
setia,0.40581535720664325
seru,0.4055389508953642
paket,0.40506432698313577
nasi kapau,0.4048135916194595
kapau,0.4048135916194595
emang nggak,0.4048135916194595
ngajak,0.4046128843849253
temen temen,0.4038759263798888
datang face,0.403091708265842
heart,0.401188691940418
gmpng,0.3998927294544707
dora gmpng,0.3998927294544707
selalu pilihan,0.39922519188434563
pilihan utama,0.39922519188434563
best selalu,0.39922519188434563
utama berkah,0.39922519188434563
main langsung,0.39915412100469294
kerennya,0.398556254646254
hari berkat,0.39778522787704335
heart red,0.39683654668940727
kombinasi,0.3965820489106034
besar money,0.3964172631752715
bro,0.39602453179317876
square bardi,0.39572932702075414
mabar,0.39481915641907916
ceritanya,0.39480030686934325
main pstoto,0.3945036715051723
dikit,0.3930917339494487
pstoto jangan,0.3925868329525498
scroll,0.3925868329525498
dikasih,0.3923874443826538
pstoto tempat,0.39220747713004295
pemenang,0.3918719174570856
lawan,0.3910052377683769
pilihannya,0.39099745751307474
ulang tahun,0.3903975239915615
ga bakal,0.3903307725659898
ragukan,0.3900846405390584
keliatannya,0.38796119818221825
rahasia,0.38685074237046935
new,0.3867796686187812
new member,0.3867796686187812
daftar,0.3859620851306889
sunglasses,0.38589893432132605
with sunglasses,0.38589893432132605
jepey dora,0.3852737571184188
capek,0.38508622078915256
win,0.3846385128174929
paling the,0.38463062287586675
pastikan,0.38331733010449986
bangeett,0.38169040483320393
clapping hands,0.38101686787177635
clapping,0.38101686787177635
menang besar,0.38019191693016186
bareng warkop,0.37824365636632445
kiss,0.3777001752789212
blowing kiss,0.3777001752789212
blowing,0.3777001752789212
face blowing,0.3777001752789212
lupa,0.37679954382144465
kebahagiaan,0.376760947320126
fire pstoto,0.37604433325538134
pstoto fire,0.37604433325538134
biceps,0.3756982149419932
flexed biceps,0.3756982149419932
flexed,0.3756982149419932
siapbet,0.37500069229287314
menawarkan,0.37471541578793705
secara,0.3741596056498036
jepey,0.37393440122519556
mampir,0.373451145021896
sistemnya,0.37258354863941695
member,0.3724306126896595
beneran,0.37214769458343333
percaya,0.36990944409717674
voltage sekarang,0.36951551915333236
voltage bareng,0.36853821078143834
sih banyak,0.3674024563139667
heran sih,0.3674024563139667
bg radit,0.36736545855623026
ball,0.36650538451715275
semoga selalu,0.36623126354594177
paman,0.36621142217220387
paling bagus,0.36557537742712004
maell,0.36522479879631947
maell lee,0.36522479879631947
lee,0.36522479879631947
gemesnya,0.3643029629502889
seru seruan,0.3642603414168425
segemes,0.3641920908542772
ktmu,0.3640844818395162
pilihan,0.36406073316955984
tua,0.3632606614678234
menang main,0.363179900416247
benar menang,0.363179900416247
kecil,0.36176574374036313
lunas,0.36175354686437855
berkah victory,0.3615533354390445
hand berkah,0.3615533354390445
senyum main,0.3596138578098084
berhasil klip,0.35893463808947407
menakjubkan,0.35893463808947407
super menakjubkan,0.35893463808947407
chick pelatih,0.35893463808947407
singkat super,0.35893463808947407
pelatih hatching,0.35893463808947407
gokil hatching,0.35893463808947407
klip singkat,0.35893463808947407
chick berhasil,0.35893463808947407
vibes ton,0.3572676509781463
seruan,0.35643574455709914
selalu andalan,0.3562824738901784
langkah,0.35619392026614766
pokoknya,0.35587401163483007
asik main,0.35523657850532353
happy,0.35519046933644915
dragon,0.3549406289715075
red dragon,0.3549406289715075
mahjong,0.3549406289715075
mahjong red,0.3549406289715075
gak usah,0.35459435839396886
gak bosen,0.3539027795480208
keren abis,0.35386363220791994
datang tanpa,0.3537321159661519
tanpa henti,0.3537321159661519
gak perlu,0.3534975910333562
berkah gila,0.35223592895210337
gila gak,0.35223592895210337
beli kopi,0.35223592895210337
malah nyaranin,0.35223592895210337
kopi kasirnya,0.35223592895210337
nyaranin berkah,0.35223592895210337
kasirnya malah,0.35223592895210337
gak cuma,0.35178749730469444
main kyt,0.3513216939783133
semua,0.3511266660211873
ni situs,0.35091365260228047
estetik,0.35010311657626336
main sepatu,0.3499030475851438
ketika,0.34930106154362744
klip,0.3483704936895458
topik,0.34830510410543464
stay,0.34830510410543464
kelen,0.34813212025522317
pelatih biar,0.34813212025522317
ngerasain menang,0.34813212025522317
bermain pelatih,0.34813212025522317
join pelatih,0.34813212025522317
lupa join,0.34813212025522317
pelatih ges,0.34813212025522317
biar kelen,0.34813212025522317
menang bermain,0.34813212025522317
kelen ngerasain,0.34813212025522317
ges yaa,0.34813212025522317
aja bang,0.3475889645137036
bayar,0.3469800572301084
terbukti,0.3465476955775348
bermakna,0.3459672341681721
menutup,0.3452706625585669
dukungan,0.3452244125771958
kayak gini,0.3448179773014393
rolling,0.3436390881757471
kasirnya,0.3435086210581919
nyaranin,0.3435086210581919
berwarna,0.34340861247334864
makin berwarna,0.34340861247334864
bareng ton,0.34340861247334864
harimu,0.34340861247334864
ayo,0.3426867014783042
ui,0.3426867014783042
sesama,0.3415554142127572
nagamastoto smiling,0.34139793506847776
africa,0.3410940650435839
europe,0.3410940650435839
globe showing,0.3410940650435839
europe africa,0.3410940650435839
showing europe,0.3410940650435839
showing,0.3410940650435839
memang kak,0.3396242158364403
heart memang,0.3396242158364403
terbaik red,0.3396242158364403
kak salam,0.3396242158364403
pernah gagal,0.3383850465199664
mateng,0.3383614570302028
gerak mulus,0.33801490742165297
gerak,0.33801490742165297
andalan,0.337228631693697
mata,0.33689418779252267
cobain situs,0.3365079673313144
hearts,0.3362096179591165
with hearts,0.3362096179591165
temanin,0.3356291230635276
biasa,0.33514858409763093
berhenti,0.335109973170115
menarik,0.3349887781760858
jelasnya,0.3349756449052504
tempat,0.3349094479092774
party popper,0.33465197785192147
popper,0.33465197785192147
betul,0.33363246480641406
sebenernya,0.33316895748502623
sih sebenernya,0.33316895748502623
nyebar,0.33316895748502623
sebenernya kok,0.33316895748502623
segitunya nyebar,0.33316895748502623
berkah apa,0.33316895748502623
kok segitunya,0.33316895748502623
segitunya,0.33316895748502623
bosen nonton,0.3331072506374391
nonton berkah,0.3331072506374391
place,0.33291157579753655
paham,0.33175938705133523
aku dulu,0.3315529059907536
lingkungan,0.3303177777064665
urusannya,0.32933325130943303
dilancarkan segala,0.32933325130943303
urusannya salam,0.32933325130943303
selalu kang,0.32933325130943303
kang semngat,0.32933325130943303
ngonten dilancarkan,0.32933325130943303
semngat,0.32933325130943303
semngat ngonten,0.32933325130943303
biasa sehat,0.32933325130943303
segala urusannya,0.32933325130943303
biar gak,0.3290337812154426
booster,0.32849981291581
usah,0.3284211840852965
menu,0.32774642982687974
sebagai,0.32772155637226086
menang tiap,0.3276136819614803
benar benar,0.3275690881568589
aj,0.3268036975623248
politik,0.32673379270218766
marah,0.32671156416444314
dapatkan,0.32659032612761224
circle bardi,0.3263281006400155
liat saldo,0.3259666705969342
meledak,0.32498751286955396
kaya beneran,0.32469296627481564
lama lama,0.32469296627481564
berkah kaya,0.32469296627481564
beneran mantap,0.32469296627481564
ngakak face,0.32335945046424697
ide,0.3228179203552632
update terbaru,0.3222972083089367
banyak,0.32140017726308806
apa sih,0.3209892217360186
setiap hari,0.32068563578792914
rela,0.32034887054364203
nomor,0.3200273115434261
gak kuat,0.3199905424175696
bangett gak,0.3199050780371031
tiba tiba,0.3197684379009546
memang,0.3195463029522054
pelatih,0.31929466787821825
masuk,0.3191004473012539
sesuatu,0.3186843459639904
sunglasses bbca,0.31846340031730286
xuxu emang,0.3183943807793456
tiap,0.31508490445401294
bangga,0.3134960467671468
cari situs,0.3132312942361953
akun,0.3128618731695674
notif,0.31271897700543355
lollipop aku,0.311002537736347
luar biasa,0.31095016856405966
ga ngotak,0.3109235556189539
pointing,0.30893682008619655
index pointing,0.30893682008619655
jangan sampai,0.3086759309765762
yin nagamastoto,0.30850366198368995
nagamastoto yin,0.30850366198368995
nemu situs,0.30792968176372487
tiba,0.30716745391429556
down,0.3062800657390707
nagamastoto mantap,0.3056603698808947
jangan lupa,0.3043886759967811
selalu idola,0.30324490273221655
ajak masuk,0.30317593540948845
angka,0.3026949539146565
parahhh kayak,0.3025146537208697
semalem,0.3025146537208697
jackpot semalem,0.3025146537208697
ga boong,0.3025146537208697
gemes parahhh,0.3025146537208697
kayak jackpot,0.3025146537208697
fire bardi,0.30224757400272484
bardi fire,0.30224757400272484
cepetan ajak,0.30041161429565183
cerita,0.2988777273925441
temen lo,0.2988108953742618
iseng,0.2985676225876291
paling tinggi,0.29843969756511696
kontennya berkah,0.29773865015745005
terasa,0.29759632284859616
sambil bermain,0.297385545904269
ketagihan,0.29711491183775135
sehari hari,0.2968793946510189
button levis,0.29522723712853394
semakin bermakna,0.29522723712853394
levis check,0.29522723712853394
curry,0.29489596915715766
vior,0.29375473134375907
berapa,0.29369885999552087
komentar,0.293289021982432
aku makin,0.293273689115588
masuk cantik,0.2920926616056506
belajar,0.2917784818588105
dahh,0.2903800671755
rame rame,0.2900542536733453
setiap,0.289529727674637
right,0.28847338633914177
kopi,0.28819157494575576
gini,0.28815604089517044
tadi,0.2873222957158097
boleh,0.287284718670863
triangular,0.28653602498049485
triangular flag,0.28653602498049485
flag,0.28653602498049485
liat aja,0.2865139527281516
takjub,0.28636884986873223
sering,0.28612942073408953
hearts smiling,0.28511302078054657
up thumbs,0.28511302078054657
gabung,0.28485012381572383
sampe nangis,0.2844421220686457
produk,0.28365750975819715
dijamin,0.28315087810611717
sultan,0.2809552992241554
kualitas,0.2795530620200592
pointing right,0.2792892529119336
heart berkah,0.27914866687458195
over mouth,0.2784886515869125
with hand,0.2784886515869125
hand over,0.2784886515869125
segemes sih,0.2780438464770034
dah,0.2780073703139462
kesel,0.2773678367994946
dizzy,0.2769596126832665
warna ton,0.2769596126832665
ton story,0.2769596126832665
masi,0.27694177370095
alhamdulillah setelah,0.2768726588633715
gede situs,0.2768726588633715
jepe gede,0.2768726588633715
on,0.27678822077440585
santai,0.2767742619394027
jawaban,0.27671027824602523
aloy selalu,0.27637226828544403
face screaming,0.27627219065808545
fear,0.27627219065808545
fear flushed,0.27627219065808545
screaming,0.27627219065808545
in fear,0.27627219065808545
screaming in,0.27627219065808545
cepet,0.27389569729943486
bergabung,0.272358285318019
tunggu,0.27235102614428597
atas,0.2718737402043754
sambil nunggu,0.27022289659847337
aba,0.27021352463212195
mantap,0.269972118585301
kebeli motor,0.2694749517060009
doyan main,0.2694749517060009
berkah sampe,0.2694749517060009
sampe kebeli,0.2694749517060009
energi positif,0.26907921016460484
berkualitas,0.26795045122976646
akhirnya jepe,0.26675096011167265
nyari google,0.2663507287803981
google face,0.2663507287803981
gampang nyari,0.2663507287803981
flushed face,0.2661724433634529
flushed,0.2661724433634529
asyik,0.2655638798100679
dimana,0.26510518595519195
nontonin,0.26399737039203375
super,0.26362717147826725
licin,0.26355876435669423
cepat tanggap,0.2598058769499936
tanggap,0.2598058769499936
doyan,0.25962369267055135
smirking,0.2595989407391882
smirking face,0.2595989407391882
suksesku,0.2585880103247878
buruan ajak,0.2585620691483682
meridians bardi,0.25844827312275576
bardi globe,0.25844827312275576
legend,0.25772423436202563
aku pemenang,0.2573741422149526
pemenang snowflake,0.2573741422149526
cok,0.2571452724015674
menjadi,0.2570445279086474
aja dulu,0.2559599242694247
bardi check,0.25511422464493577
button bardi,0.25511422464493577
hari terima,0.2548740878506302
lebar hari,0.2548740878506302
bos,0.25295562984913644
gas ajak,0.2525000215274347
sambal ijo,0.25210749631435775
main berkah,0.2519824625189754
lazadatoto,0.24954934593240727
lazadatoto fire,0.24954934593240727
gl lazadatoto,0.24954934593240727
gl,0.24954934593240727
coba,0.24810851668123185
cari aja,0.24571279712902455
aja google,0.24571279712902455
terima banyak,0.24555659602088933
senyum lebar,0.24555659602088933
ter,0.2437578484032949
cuan pstoto,0.243267466322273
selalu dinanti,0.24242684005211176
dinanti,0.24242684005211176
dinanti kontennya,0.24242684005211176
rezeki emang,0.24029749948310453
sukaaa bangettt,0.23998861681719982
sukaaa,0.23998861681719982
pencapaian,0.238738677789401
raising,0.23775443269927204
raising hands,0.23775443269927204
enakk,0.2377250518970167
hp pertama,0.23683140387727847
ramtoto,0.2364934487689998
situs ramtoto,0.2364934487689998
makan pedes,0.2363848681486469
depo kecil,0.23459067559490143
red circle,0.23419820355180485
nongkrong,0.23347193545906708
hundred points,0.23274889090901818
hundred,0.23274889090901818
points,0.23274889090901818
main insan,0.23254788238065502
visual,0.232150526569232
nyaman,0.23183926954540088
semoga,0.23160844022493077
wih,0.23151288741436746
pstoto pasti,0.23106600386818602
kesuksesan,0.23060816756249963
bingung,0.23025276020492735
utang,0.2297152993962583
utang lunas,0.2297152993962583
aku percaya,0.2295568919669737
biasa luar,0.22947210025574824
like sekarang,0.22947210025574824
halo,0.22935806195934208
with halo,0.22935806195934208
bangetttt,0.2287463945744509
berkah red,0.22871751441957444
project,0.2286547207434106
paten,0.22848737115260764
berani,0.22832453477755155
hati,0.22828406682518254
ajak coba,0.22812917243379124
coba seru,0.22812917243379124
seruan cantik,0.22812917243379124
memiliki,0.2279894824168523
segala,0.22770645892800978
yakin,0.22722575413466437
aku,0.22685249567833682
bohong,0.2263799516184994
soal rasa,0.2263799516184994
bohong dah,0.2263799516184994
paling seru,0.22601415255669985
wajib coba,0.22366374530080219
cukup,0.22355996940562703
confetti,0.22301304924770635
confetti ball,0.22301304924770635
diri,0.22281368183324668
kata tmn,0.22243595222292373
tmn gw,0.22243595222292373
pintar,0.22208579619346347
gacorr,0.2198905594747885
situs siapbet,0.2198905594747885
color,0.21907000188419842
tak,0.2186715636161211
beda,0.21812806100769083
nyentuh,0.21781543057447383
adem,0.2175880714418813
serbu,0.21735028923752256
serbu bareng,0.21735028923752256
beda lain,0.21615993952647483
reyes,0.2156559788735983
efren,0.2156559788735983
efren reyes,0.2156559788735983
tetep,0.21536952979919377
seru nonton,0.21467401354789684
mouth,0.21461116129866437
tmn,0.21430430892816738
pendek,0.2141164513496812
menerus datang,0.21334683626252396
menjadi ahli,0.21334683626252396
vomiting sneezing,0.21334683626252396
sneezing face,0.21334683626252396
sneezing,0.21334683626252396
rezeki menerus,0.21334683626252396
normal,0.21314163846737877
lancar,0.21309602518706033
points pstoto,0.212439033111994
gaya,0.21239672700981044
positif,0.21220029778464336
inspiratif,0.21170229891949874
semoga makin,0.21145661720147046
dapat,0.21111696251102102
segini,0.21051293016620495
makasi,0.21022483376468043
gak pecah,0.21014595747388434
voltage tempatnya,0.21004009698387605
bersamamu,0.2099363737345895
kenangan,0.2099363737345895
menuju sukses,0.20966026605820853
dragon berkah,0.2096336532622782
berkah mahjong,0.2096336532622782
main dora,0.20948157084910163
bbca party,0.20934732933372951
tahan jangan,0.2092157822252923
toga situs,0.2092157822252923
gabisa,0.20886122561269338
ngikutin,0.20827433030631548
keluarga,0.2077259240300132
sampe,0.2076672075808895
ketinggalan,0.20752970984602725
abang abang,0.20752528414609794
bawaan,0.20604267409189378
setiap kali,0.20604267409189378
diem dikit,0.20595622116929427
dikit gemesnya,0.20595622116929427
saldo masuk,0.20595622116929427
kayak notif,0.20595622116929427
sih diem,0.20595622116929427
gemesnya nyerang,0.20595622116929427
nyerang kayak,0.20595622116929427
notif saldo,0.20595622116929427
petani,0.20569600135314772
iseng iseng,0.2055474659124783
menerus,0.2055474659124783
mencoba bermain,0.2055474659124783
justru malah,0.2055474659124783
malah menjadi,0.2055474659124783
ahli rezeki,0.2055474659124783
ahli,0.2055474659124783
iseng mencoba,0.2055474659124783
nyetel,0.20527418358547225
main aero,0.20503993537878437
gede,0.20463484004810772
aura,0.20214052010650269
menuju,0.20199566652008868
depannya,0.2014956858138443
africa berkah,0.2014556495500762
berkah globe,0.2014556495500762
dapet,0.20136908904480125
ngena,0.1992529438323343
cerita ngena,0.1992529438323343
rainbow,0.1992529438323343
begitu banyak,0.19901927914919557
energi,0.19899864361026132
crown selalu,0.1985706728352949
berkat dora,0.19817632436997187
merah,0.19807124495530426
bareng cantik,0.19747926280859923
sementara,0.19630872587987472
niat,0.19588583043807256
tanpa,0.1952709849737942
optimis cuma,0.19514980296053946
makin optimis,0.19514980296053946
hari aku,0.19514980296053946
face worried,0.19514980296053946
grimacing,0.19514980296053946
grimacing face,0.19514980296053946
worried face,0.19514980296053946
worried,0.19514980296053946
amp,0.19319248185751248
keras,0.19277771645869518
upside down,0.1919036593807691
upside,0.1919036593807691
down face,0.1919036593807691
mencoba,0.19037568010517003
pulang,0.18993911520225149
reward,0.18947837511795038
tentang,0.18865035882276834
grafis,0.1881494307818806
ngeselin,0.1881120451304344
hoki pstoto,0.18762282993659157
asikk,0.18760399628382252
lo serbu,0.18535363724684736
thanks,0.18525579085702687
harapan,0.18484187373552047
hilang,0.18459789996461726
keras lollipop,0.1838639210568153
impian suksesku,0.1838639210568153
aduh gemesnya,0.1836364606626386
ngotak cuan,0.1836364606626386
gemesnya ga,0.1836364606626386
aduh,0.1836364606626386
artist,0.1836298461948035
puas,0.18346769950531555
musik,0.18329267925211115
slalu,0.18300004041624593
ribet,0.182197865217117
desain,0.18127120789596693
situs jptogel,0.1799408678457211
vibe positif,0.17796466821496598
berkah pasti,0.17796466821496598
mudahan,0.17759876312712924
begitu,0.17759077793610661
sports,0.17743820395927967
sports medal,0.17743820395927967
makin seru,0.17633553094211918
rasakan,0.17617983019543404
proses cepat,0.17584278482820384
sungguh luar,0.17563463870645946
membuat ketagihan,0.17563463870645946
tertahankan sulit,0.17563463870645946
tertahankan,0.17563463870645946
ketagihan tak,0.17563463870645946
berhenti bermain,0.17563463870645946
biasa nagih,0.17563463870645946
tak tertahankan,0.17563463870645946
sulit berhenti,0.17563463870645946
awan,0.17557378067921955
keren parah,0.17535548979483573
rata rata,0.17495951226451556
selalu cepat,0.1744742384175322
jakpot besar,0.17388622429925862
natural,0.1734881862380241
with,0.17319148865537995
ga nyesel,0.17281342466951558
cintaku padamu,0.17233877782831517
padamu,0.17233877782831517
cintaku,0.17233877782831517
semua temen,0.17223581447788314
suruh semua,0.17223581447788314
story,0.17211984631691413
absurd,0.1713806013777775
batas,0.17131490776660352
tanpa batas,0.17131490776660352
ngotak,0.17130791752114072
rezeki hari,0.17082652714252394
terbaikku,0.169959924592196
debat,0.1698114914736295
beneran gampang,0.1692327922051843
flag berkah,0.1692327922051843
jakpot,0.1687684145709098
langsung menang,0.1683923430013072
up smiling,0.1683923430013072
berapa bang,0.16746815992641367
bang aku,0.16746815992641367
bawa,0.1673274486505426
proses,0.16679376189668751
ngobrolin,0.16644387985863032
parah,0.1655615578654602
apa rahasia,0.16555158029548872
excited,0.16555158029548872
sih,0.1648181267640606
khas,0.16412750932060186
sma,0.16402170774382785
rata,0.16366179453068164
paling,0.16325679162594808
inovasi,0.16261430686826853
tercengang,0.16234419205395045
kena,0.16227924259302157
nyoba uda,0.16223638460892204
nangis,0.1605122288019057
thumbs up,0.16048657525138837
thumbs,0.16048657525138837
sebelah,0.16035915189051284
clean and,0.15983544302705266
clean,0.15983544302705266
clear,0.15983544302705266
and clear,0.15983544302705266
kayak hoki,0.1595924605578346
dateng tanpa,0.1595924605578346
aba aba,0.1595924605578346
pstoto dateng,0.1595924605578346
tanpa aba,0.1595924605578346
kok segemes,0.1595924605578346
sih kayak,0.1595924605578346
bebek,0.1585299990213657
senang,0.15810742019695612
sungguh,0.15810619020116876
rekomen,0.1574675327783059
benar,0.15673085322592722
sambil nonton,0.15668468636676436
demi,0.15626030689437237
justru,0.154404242108385
nyesel,0.15439390937042735
terbaru,0.15436712525824392
rezeki gede,0.1531712504074537
jangan,0.15260138858304212
ajak temen,0.152073416988032
banyak untung,0.15127557320594995
untung disono,0.15127557320594995
disono,0.15127557320594995
emang seru,0.15127557320594995
setelah,0.1508584593665921
sehari,0.15084485679252535
teman teman,0.15052664811643468
lain kali,0.1493369105435331
anime,0.1485611906371797
top,0.14815233576602854
hal,0.14762359663395572
dapet rezeki,0.1475717330682919
cari,0.14745517625302867
pasti seru,0.14700616728546645
ton red,0.1469443476830833
heart ton,0.1469443476830833
videonya,0.14665192979773978
inspirasi,0.14624168109394528
ambil,0.14622370510505978
kini,0.1459716568204139
resmi,0.1459716568204139
ngerasain,0.14571716232666967
rela gak,0.14521833372876164
semua orang,0.14509385614321962
star berkah,0.14507129986476766
besar hari,0.14374881120443217
sehat selalu,0.1436933915407243
kepada,0.14336997326124293
mengajarkanku,0.14156929864067405
lollipop mengajarkanku,0.14156929864067405
aku rela,0.140944275768813
duduk,0.14050082840276906
satu satunya,0.1380578861552591
berkah emang,0.1379509540268646
xuxu memang,0.1372392143743117
batu,0.1363939165743744
sih jangan,0.13615149907843474
jangan selucu,0.13615149907843474
nahan cuan,0.13615149907843474
kuat nahan,0.13615149907843474
selucu,0.13615149907843474
selucu gak,0.13615149907843474
asik,0.1356637031290483
jago,0.13462108632903835
aloy,0.13414198233933688
degan,0.13298532783543887
deg,0.13298532783543887
yaaa,0.13287839685054648
candu,0.1326112946571921
ajak gabung,0.13236525940652547
gabung cantik,0.13236525940652547
mu,0.13224553666387096
emang terbaik,0.13208827122145655
face savoring,0.1312690993051559
savoring food,0.1312690993051559
savoring,0.1312690993051559
konten berkualitas,0.1310275542646221
kesempatan,0.12890588529089286
oke,0.12858337027379635
marapthon,0.12812375200389226
hands,0.12602582375751778
makasih,0.12522850554290188
membawa,0.12465679606661825
inget,0.1241711057749264
hadiah besar,0.12384896609259298
gatau,0.1235139950542414
maksimal,0.1228443408838024
satunya,0.1219522176263366
bukti,0.1215363131035818
batin,0.12001413456211764
hidup sehari,0.11997370270654084
hari kesempatan,0.11978597611825775
dompet ikut,0.11858252611567759
ikut gemes,0.11858252611567759
pstoto dompet,0.11858252611567759
bocah,0.11810879164075572
ngakak sambil,0.11776646927209933
lucu sambil,0.11776646927209933
nahan ngakak,0.11776646927209933
sambil pasang,0.11776646927209933
tolong lucu,0.11776646927209933
pasang angka,0.11776646927209933
lambungnya,0.11769408302448439
speechless,0.11687934482921274
muncul,0.11658041760690024
eyes aku,0.11605256560571975
cari tempat,0.11570034306982396
atas pencapaian,0.11561362603743608
selalu mendukung,0.11561362603743608
sparkling heart,0.1155117534966608
sparkling,0.1155117534966608
berikutnya,0.11540693208435227
menghadirkan,0.11507108142088973
ajak,0.11447300092022922
simpan,0.11443818864001049
selalu pas,0.11402441556404434
sales wkwk,0.11364272030257382
sering mainin,0.11364272030257382
bacot bang,0.11364272030257382
gamau banyak,0.11364272030257382
sales,0.11364272030257382
share situs,0.11364272030257382
wkwk cuman,0.11364272030257382
mainin gacor,0.11364272030257382
mainin,0.11364272030257382
kira sales,0.11364272030257382
situs high,0.11364272030257382
cuman share,0.11364272030257382
bang nanti,0.11364272030257382
voltage sering,0.11364272030257382
mungkin,0.11199123250080917
berkah aja,0.11179473254205391
kemaren,0.11136798103929518
junior fire,0.11135203422244919
meledak fire,0.11135203422244919
fire junior,0.11135203422244919
ceritanya penasaran,0.11108044032127577
kemenangannya happy,0.11108044032127577
soal red,0.11108044032127577
gak sabar,0.11108044032127577
temen soal,0.11108044032127577
circle ceritanya,0.11108044032127577
sabar share,0.11108044032127577
happy red,0.11108044032127577
penasaran kemenangannya,0.11108044032127577
bersama,0.11102422371515233
gamau,0.11029799404916113
star selalu,0.10985599825113336
hutang,0.10984709895388284
aja,0.10980884803948698
slot machine,0.10891561430502418
machine,0.10891561430502418
rasanya enak,0.10789129824176745
share temen,0.10701964660204895
sampai,0.1068340292037802
la,0.10660186167689768
buka hundred,0.10625701105439916
mantap bang,0.10570905908860495
hidupku,0.10444417689627018
serunya,0.10442203416582763
membosankan,0.10418709293528193
kemenangannya,0.1038698502871792
makan sebanyak,0.10310593599954795
sebanyak,0.10310593599954795
suasana,0.10180813043918675
baik baik,0.10167093476669858
bulan,0.10165046602771544
meski,0.10118657102464705
kemudahan,0.10062598661611376
tahan,0.1006236443200926
terlihat,0.10048380737101237
sorry,0.10040641479610134
kang,0.10024078300083258
yah,0.09950638625454172
face drooling,0.09949512541372901
hal semangat,0.09946014875128388
kayak pas,0.09921976326420381
pstoto liat,0.09921976326420381
sendiri kayak,0.09921976326420381
membuat,0.09915447435847827
gameplay,0.09869285168017149
langsung dapet,0.0983647207699492
skull,0.09679399385416015
pdhl,0.09673583393240631
peduli,0.09673583393240631
saldo nambah,0.09559256309898011
kece ceritanya,0.09499318793884082
untungnya luar,0.09499318793884082
senyum senyum,0.09481626772534968
smooth,0.09409260047027299
suruh,0.09306046774235112
susah,0.09299817615737943
berkah star,0.09277768033292857
jutaan,0.09172343340125817
ceritanya mengalir,0.09152049967945249
untungnya,0.09152049967945249
takjub visualnya,0.09152049967945249
hadiahnya,0.0914808296154502
pingin,0.08949986732425433
buktinya,0.08949758564313795
om,0.08895869781011184
kece,0.08882687339887516
visualnya kece,0.08882687339887516
circle takjub,0.08882687339887516
enaknya,0.08834776873442028
pola,0.08820853701160941
coba main,0.08820335882087216
nyerang,0.08766481468398656
fish,0.08636451457064862
apapun,0.08635214099150501
ga nyangka,0.08505661500054337
mengganggu,0.08464063749592132
vibe,0.0846056416209913
seru face,0.08321015144922578
mengalir,0.08315333221766327
tergacor,0.08315133511673022
khusus,0.08273770389336228
isinya,0.08052110411581212
nyangka,0.07958182440287775
ka,0.07866640394846991
apa apa,0.07842573223523672
ramein cantik,0.07767483757735058
dikasih menang,0.07704027538642444
menang apa,0.07704027538642444
ditonton berkah,0.07662848575568997
coba cari,0.07648000492384024
over,0.07610880418053792
hot,0.07591994470446231
aloy emang,0.07580510582831008
betah,0.07564475942352546
ramein,0.07483526031546918
circle hiburan,0.07475685933336285
alhamdulillah red,0.07475685933336285
ceritanya relate,0.07475685933336285
hiburan bermakna,0.07475685933336285
apalagi,0.07432668905187934
dukungan green,0.0739624714606773
ditonton,0.07382716022285474
sempet,0.07368410743961247
pas buka,0.07334848699981196
pernah absen,0.07333900616882343
kilat,0.07333900616882343
keuntungan,0.07333900616882343
emang gak,0.07303388078866675
seru red,0.07281406578159455
hal kyt,0.07251655592513112
kemenangan besar,0.07251655592513112
biar makin,0.07183761276457873
tiada henti,0.07178944375527269
menyenangkan,0.07155917579350046
selalu kagum,0.07081178546687596
amp kreatif,0.07081178546687596
estetik amp,0.07081178546687596
disitus,0.070657934913044
situs viral,0.0700640107787539
cek,0.0700640107787539
kasi,0.0700007033871608
relate,0.0699041502215656
solid,0.06945125834225302
bagian,0.06925511935050144
ngakak,0.06843231784926401
kagum,0.06822310241125026
mengingatkanku,0.0680909674175345
perjalanan,0.0680909674175345
lollipop mengingatkanku,0.0680909674175345
cuan hundred,0.06728986118725272
boss,0.06697401961955679
malah kasi,0.06694410860936371
pstoto emang,0.0665160020568406
sigap singgah,0.06438500978402395
sigap,0.06438500978402395
makin yakin,0.06438500978402395
yakin berkah,0.06438500978402395
layanan sigap,0.06438500978402395
singgah sports,0.06438500978402395
gak masuk,0.06425083277536184
merinding,0.06308321361323999
klik,0.06308321361323999
masak,0.062322027364560745
btw,0.06219823359866915
berkah layanan,0.062031271874927414
kumpul,0.06181038873523431
enraged face,0.06146986880854353
enraged,0.06146986880854353
mulus bonus,0.06105529473838642
bonus mood,0.06105529473838642
cerita nempel,0.06105529473838642
nempel,0.060494901825593556
bingung cari,0.05967853046199961
gambaran besar,0.059017753585680885
berkah keberhasilan,0.059017753585680885
lihatlah,0.059017753585680885
cukup awali,0.059017753585680885
awali,0.059017753585680885
lihatlah gambaran,0.059017753585680885
gambaran,0.059017753585680885
menghadapi risiko,0.059017753585680885
hasil keberanian,0.059017753585680885
besar berkah,0.059017753585680885
awali modal,0.059017753585680885
keberanian,0.059017753585680885
risiko besar,0.059017753585680885
keberhasilan hasil,0.059017753585680885
keberanian menghadapi,0.059017753585680885
receh aja,0.059017753585680885
besar cukup,0.059017753585680885
menghadapi,0.059017753585680885
mood booster,0.05882328200345224
seger,0.05701962122439938
risiko,0.05686022772072709
stone jarum,0.05659304437208976
jarum gem,0.05659304437208976
coba langsung,0.05659304437208976
sikap,0.05600877671463079
kakek,0.05480798453406771
emang top,0.05388674758154007
minggu,0.05352341764088642
paket lengkap,0.05281439016046058
pasang,0.05267590148822821
dengerin,0.05111123766164061
lengkap,0.05088364210771529
voltage paling,0.05067591388205372
orang orang,0.05050184233848687
malem,0.05037804709099997
on point,0.04978478350548685
point,0.04978478350548685
mulu,0.04972108926399404
smiling face,0.0492454271657676
wajib ajak,0.048823342608361096
salut,0.048637097162397586
bosan,0.04814777778708201
coba aja,0.04770806859393634
walaupun,0.04768042852635379
main xuxu,0.04713265477870798
jualan,0.046970780778093975
pstoto cair,0.046436211330338886
masyaallah red,0.04624198926883624
telat,0.045293532960041794
masyaallah,0.04524867519403508
gini harusnya,0.04477559779598805
nasional,0.04477559779598805
nasional gemes,0.04477559779598805
harusnya nasional,0.04477559779598805
gemes sambil,0.04477559779598805
nunggu hoki,0.04477559779598805
bang aloy,0.0447370336211497
mulu bang,0.0447370336211497
klo salah,0.042626089736649934
gara,0.04251334426299716
dikasi,0.04230073503916232
sambil makan,0.04105969113262449
index,0.04090738968384938
tantangan,0.03994516384203528
meraih,0.03977556042996856
sukses,0.03920848582275792
terbanyak,0.038862920160835035
rugi,0.03859545782500334
sumpah,0.03678584998916423
perlu,0.03666788239393137
pasukan,0.03665372695851865
hot face,0.03663791858873233
star struck,0.03536389307672197
struck,0.03536389307672197
aku beli,0.035231182999808985
iya,0.03509777278731366
bermanfaat,0.03423815452716933
angin,0.03332425553592834
tetaplah,0.0331964314086282
boong,0.032981545783965616
pertama kali,0.03212591670968315
jatuh,0.031982861676864344
kawan,0.02927375184625619
berkah selalu,0.029218585001664025
aman,0.028770281960096733
bnr,0.028535602390767467
lembut,0.028154577493109012
emng,0.028016374875531908
circle speechless,0.027762252174710903
hadiahnya wow,0.027762252174710903
tuhan red,0.027762252174710903
gemes,0.02709759241937401
visualnya keren,0.02674734100820318
ngak,0.0263264797064805
gara gara,0.026223265267488804
ceritanya penuh,0.02596011474821112
salfok,0.02555501468920862
makna,0.025316904059730454
penuh makna,0.025316904059730454
gamenya,0.02499415473486738
grinning,0.024971601121181936
asli,0.023494817163649095
ngonten,0.02329372985623107
loh,0.022252942448368174
makan,0.02116812684959629
bagi,0.020446599737134336
nanti kira,0.019746043083578718
pembelajaran,0.019417259246889067
impian,0.0192276701772639
tempat semua,0.019017130374003856
member dapet,0.019017130374003856
dapet kejutan,0.019017130374003856
kejutan hanya,0.019017130374003856
semua member,0.018321916677000876
memang juaranya,0.018173204574355138
berapapun pasti,0.018173204574355138
lunas ama,0.018173204574355138
main semua,0.018173204574355138
juaranya temen,0.018173204574355138
semua soalnya,0.018173204574355138
soalnya berapapun,0.018173204574355138
pasti bayar,0.018173204574355138
temen kuliahan,0.018173204574355138
bayar lunas,0.018173204574355138
ama fire,0.018173204574355138
kuliahan main,0.018173204574355138
fire berkah,0.018173204574355138
kuliahan,0.018173204574355138
mending,0.018032539511070478
pisau,0.01799291343393932
juaranya,0.017508842470817177
woi,0.017080348516105376
hand nagamastoto,0.01701975170005583
situs palling,0.01701975170005583
nagamastoto victory,0.01701975170005583
palling mantap,0.01701975170005583
palling,0.01701975170005583
berkah fire,0.01699352318839339
hoki hundred,0.016745228417231073
aja enak,0.016655371022074872
up together,0.016493893229911266
together,0.016493893229911266
palms up,0.016493893229911266
palms,0.016493893229911266
ekspresi,0.016358144621203274
ijo,0.015307665964347517
auto ngakak,0.014402762801516589
pas,0.01334842625540536
heart abs,0.012493736464700275
share,0.01129374066261081
kreator,0.010626904524619554
nonton video,0.010238414282560863
situs gacor,0.010238414282560863
aku nonton,0.00930237779734274
back tears,0.008122275169319099
holding back,0.008122275169319099
face holding,0.008122275169319099
holding,0.007883220816132797
gemoy overload,0.00703724779019535
overload sambil,0.00703724779019535
gemoy,0.00703724779019535
senyum buka,0.00703724779019535
pikiran,0.0068754771604325115
overload,0.006779985471605182
sambil senyum,0.006779985471605182
rezekinya,0.005038518651883101
bonus new,0.005038518651883101
lho,0.004854324343356802
keuangan,0.0031014193587663996
pembahasannya,0.0013691282482120593
uang,0.00046151113230144536
zaman,0.0
mengecewakan,0.0
mending mana,0.0
mending infinix,0.0
from,0.0
ga usah,0.0
waktunya desain,0.0
ceritanya inspiratif,0.0
bagus waktu,0.0
ga dikasih,0.0
dirumah,0.0
mata ceritanya,0.0
match,0.0
maulihat,0.0
aman terpercaya,0.0
ampe,0.0
anak bgt,0.0
anak muda,0.0
anak tongkrongan,0.0
infinik,0.0
we,0.0
voltage supermoney,0.0
wajar,0.0
waktu malam,0.0
ga suka,0.0
kalimat,0.0
entah,0.0
beli infinix,0.0
beli infinx,0.0
harinya,0.0
hasilnya luar,0.0
heart nyoba,0.0
bukanlah,0.0
bukit high,0.0
bukit selalu,0.0
sblmnya,0.0
scatter,0.0
sebentar,0.0
sebuah pembelajaran,0.0
kacaw,0.0
sekedar,0.0
sampel video,0.0
samping,0.0
kamera bagus,0.0
kameranya,0.0
kampung,0.0
kangen ketawa,0.0
kanker,0.0
kantor,0.0
satu gak,0.0
sayur,0.0
bersama snowflake,0.0
bersifat,0.0
kak tiara,0.0
kaki,0.0
kalbun bahasa,0.0
kali liat,0.0
apa dok,0.0
apa infinix,0.0
kasur,0.0
edge isi,0.0
efek,0.0
suka bgt,0.0
suka ga,0.0
eyes money,0.0
beli hot,0.0
beli hp,0.0
supermoney high,0.0
support,0.0
sambil main,0.0
sampah,0.0
sampai termahal,0.0
sampel,0.0
hari hanya,0.0
beda ceritanya,0.0
anjirrr,0.0
anwar,0.0
jtan,0.0
banyak org,0.0
bap,0.0
bardi high,0.0
juara rezeki,0.0
jujur aja,0.0
stone smiling,0.0
stream,0.0
stres,0.0
style,0.0
subhanallah,0.0
apa bang,0.0
circle apa,0.0
circle emang,0.0
rupanya,0.0
kebelet jumpscare,0.0
kecewa,0.0
rutin,0.0
sakit dok,0.0
sakit ga,0.0
salah sebuah,0.0
salahin,0.0
eh malah,0.0
emang juara,0.0
betah main,0.0
syukur,0.0
syuting,0.0
harga jt,0.0
tdk,0.0
team,0.0
dunia speaker,0.0
kelapa,0.0
review bang,0.0
review tecno,0.0
rezeki berkah,0.0
rezeki gak,0.0
banyak bet,0.0
ex penyiar,0.0
hand pstoto,0.0
hanya check,0.0
tahun komen,0.0
aku sendiri,0.0
rio,0.0
ciamik,0.0
recomend,0.0
apakah aku,0.0
arab artinya,0.0
arap,0.0
recomend ni,0.0
rekor ui,0.0
rendang lele,0.0
aku takut,0.0
akurat,0.0
ala,0.0
ala infinix,0.0
alami,0.0
tak terduga,0.0
tanah,0.0
tangannya,0.0
tarik,0.0
casing,0.0
casing desain,0.0
jt worth,0.0
cat with,0.0
gw ngiler,0.0
gw yakin,0.0
temuin,0.0
temuin ibot,0.0
tengah,0.0
tensinya,0.0
rajin olahraga,0.0
ram gb,0.0
realme,0.0
kelas sd,0.0
kemal,0.0
kemenangannya hati,0.0
circle pengalaman,0.0
kenapa orang,0.0
tecno spark,0.0
teknologi,0.0
subhanallah red,0.0
henti bareng,0.0
herbal,0.0
hidung,0.0
engga,0.0
cewek bang,0.0
sekitar,0.0
selalu beda,0.0
selalu menjadi,0.0
semakin kuat,0.0
seminggu,0.0
cariin,0.0
bosen main,0.0
brevy,0.0
terapi,0.0
teratur,0.0
terbaik berkah,0.0
terduga,0.0
tergantung,0.0
puji syukur,0.0
punggung,0.0
punya infinix,0.0
punya pacar,0.0
pushpin setiap,0.0
radit coba,0.0
radit live,0.0
radit mengundang,0.0
rahasia ketagihan,0.0
ketinggian,0.0
pro beli,0.0
pro jt,0.0
coba bg,0.0
coklat,0.0
kerja shift,0.0
kesampaian,0.0
kesehatan bareng,0.0
kesimpulan,0.0
kesimpulan infinix,0.0
dora eh,0.0
area,0.0
ariyanto tahun,0.0
pstoto victory,0.0
puji,0.0
tepe tirta,0.0
drama,0.0
ketagihan ceritanya,0.0
ketawa ibot,0.0
ketemu desta,0.0
ketemu tiara,0.0
greget,0.0
terkenal,0.0
terlalu enak,0.0
terlupakan,0.0
termahal,0.0
ternyata bang,0.0
tersebut,0.0
beli tecno,0.0
bener face,0.0
bener kata,0.0
gol,0.0
kl,0.0
podcast ibot,0.0
podcast radit,0.0
cerah,0.0
berkah alhamdulillah,0.0
emang selalu,0.0
jelekin,0.0
jepe berkah,0.0
entah kenapa,0.0
epilepsi,0.0
era,0.0
euyy,0.0
ex,0.0
bbca fire,0.0
pokonya,0.0
positif snowflake,0.0
ko ga,0.0
penyembuhan,0.0
penyiar radio,0.0
per,0.0
perak,0.0
perempuan,0.0
pernah bosen,0.0
piece,0.0
klean,0.0
bang jer,0.0
berkat berkah,0.0
pleading,0.0
pleading face,0.0
plissss,0.0
pny,0.0
kgk,0.0
test game,0.0
that,0.0
tiara ome,0.0
timbangan,0.0
bocil,0.0
semoga globe,0.0
semua iphone,0.0
sendiri nonton,0.0
jatuh cinta,0.0
jebew garut,0.0
berharap,0.0
sensasi,0.0
seorang,0.0
bareng kochi,0.0
bareng seru,0.0
bang undang,0.0
kochi dok,0.0
kok malah,0.0
komen bawah,0.0
konektor,0.0
konektor charger,0.0
as,0.0
asalkan,0.0
asing,0.0
pengalaman main,0.0
pengen lihat,0.0
penting note,0.0
penyebab,0.0
bang review,0.0
bang smiling,0.0
bang unboxing,0.0
tes kamera,0.0
tomboy,0.0
tone,0.0
trnyata,0.0
cowok proper,0.0
kontrol,0.0
kotak,0.0
kotak berasa,0.0
kotak minimalis,0.0
berkah mood,0.0
berkah rezeki,0.0
cuan besar,0.0
cuan datang,0.0
pembenci,0.0
pemecah,0.0
pemecah rekor,0.0
tirta koci,0.0
toko,0.0
aku cuma,0.0
batak,0.0
sering sering,0.0
spek ala,0.0
spek penting,0.0
speknya,0.0
spesialis,0.0
hihi,0.0
spark,0.0
spark bang,0.0
speaker,0.0
speaker cakep,0.0
speechless visualnya,0.0
tolong siapapun,0.0
jangan pake,0.0
cantik bgt,0.0
cape,0.0
seseorang,0.0
gemuk,0.0
atu,0.0
kya,0.0
kyknya,0.0
pas ibot,0.0
pas senyum,0.0
pasar,0.0
pasca,0.0
pasti dah,0.0
berkah sukses,0.0
berkah terbaik,0.0
tirta aldi,0.0
trus klo,0.0
ttg,0.0
tukang,0.0
tumben,0.0
gatau tiara,0.0
hp apa,0.0
hp bagus,0.0
hp sekarang,0.0
hp tecno,0.0
huft,0.0
spek,0.0
seru main,0.0
cakep tes,0.0
camon bang,0.0
candaan,0.0
izin bertanya,0.0
orang pertama,0.0
darah,0.0
daun,0.0
pace,0.0
lapar,0.0
dok cara,0.0
dok coba,0.0
dok face,0.0
pake infinix,0.0
lalu harga,0.0
lama ga,0.0
langka,0.0
paling cocok,0.0
paling recomend,0.0
flash,0.0
berasa mahal,0.0
ui mirip,0.0
ultra bang,0.0
unboxing hp,0.0
blind,0.0
blind box,0.0
blm,0.0
blunder,0.0
flu,0.0
ganti hp,0.0
nyebut,0.0
ogah,0.0
olahraga seminggu,0.0
one piece,0.0
dok kenapa,0.0
dok smiling,0.0
lepas face,0.0
ibot aldi,0.0
ibot asik,0.0
ibot brevy,0.0
ibot face,0.0
ibot ketawa,0.0
nuy,0.0
nuy biasanya,0.0
dedi,0.0
dee,0.0
nyari hp,0.0
liat nuy,0.0
fire bbca,0.0
turun harga,0.0
zero,0.0
uda dikasih,0.0
udh pernah,0.0
bang desta,0.0
bang face,0.0
bang folded,0.0
bang gak,0.0
bang gofar,0.0
bang ibot,0.0
bang infinix,0.0
setia high,0.0
enak bgt,0.0
isi,0.0
isi kotak,0.0
it gak,0.0
itulah,0.0
setiap anak,0.0
shift,0.0
ibarat,0.0
nikmati,0.0
niko,0.0
awalnya,0.0
awet,0.0
badak,0.0
badan,0.0
nnton,0.0
logis,0.0
lu beli,0.0
nonton jam,0.0
nostalgia,0.0
not ultra,0.0
ntah,0.0
nubia,0.0
bang bang,0.0
bang david,0.0
ngomong biasa,0.0
ngomong ga,0.0
lu makan,0.0
lucu bgt,0.0
lumayan lama,0.0
diwajarkan,0.0
garut,0.0
unit,0.0
berantakan,0.0
berbuat,0.0
berbuat salah,0.0
upgrade,0.0
upload,0.0
dlm,0.0
ni hp,0.0
nikmat,0.0
main fire,0.0
main sebentar,0.0
ngaruh,0.0
ngefans,0.0
denger ketawa,0.0
dengernya,0.0
depresi,0.0
deras,0.0
desain kotak,0.0
desain pemecah,0.0
desta face,0.0
desta gofar,0.0
dok bahas,0.0
lupus,0.0
macem,0.0
ngfans,0.0
ip,0.0
iphone airdrop,0.0
iphone waktunya,0.0
gameplay seru,0.0
bentar,0.0
makan makanan,0.0
makan mie,0.0
ngakak bgt,0.0
ngakak pas,0.0
ngaku,0.0
ngangong,0.0
mah garry,0.0
mahal casing,0.0
mahal loudly,0.0
main bareng,0.0
main beda,0.0
makan gw,0.0
varian,0.0
aja lu,0.0
aja mah,0.0
game online,0.0
ibot mirip,0.0
ibot waktu,0.0
spam,0.0
spam jumpscare,0.0
shopee,0.0
show,0.0
buruan situs,0.0
buset,0.0
cakep bgt,0.0
siapapun,0.0
sibuk,0.0
inspiratif visualnya,0.0
gak percaya,0.0
video midori,0.0
vino ga,0.0
bag,0.0
bag fire,0.0
bagus hot,0.0
bagus infinix,0.0
namanya kalbun,0.0
makanan indonesia,0.0
make,0.0
disebut,0.0
nasi goreng,0.0
nenek,0.0
neneknya,0.0
main situs,0.0
ajak main,0.0
ajak podcast,0.0
video kesimpulan,0.0
gak menang,0.0
gak nyangka,0.0
gak obat,0.0
sih gw,0.0
situs andalan,0.0
infinix pro,0.0
infinix spek,0.0
infinx,0.0
infinx note,0.0
situs red,0.0
situs terpercaya,0.0
situs yin,0.0
skin tone,0.0
mukanya,0.0
malam sampel,0.0
viral high,0.0
visualnya ciamik,0.0
bgt bang,0.0
bgt desta,0.0
bgt ibot,0.0
bgt sma,0.0
gabungin,0.0
gacir,0.0
gak abisnya,0.0
gak main,0.0
voltage bardi,0.0
voltage bukit,0.0
muter,0.0
maksudnya,0.0
mirip iphone,0.0
mirip mirip,0.0
desta lucu,0.0
desta ngomong,0.0
detail,0.0
detil,0.0
diatas,0.0
man,0.0
mana bang,0.0
dibantu,0.0
mn,0.0
modal kecil,0.0
mohon,0.0
money bag,0.0
muda berbuat,0.0
muda diwajarkan,0.0
want,0.0
maxwin bro,0.0
bahas autoimun,0.0
bahasa arab,0.0
menunggu,0.0
menurunkan,0.0
menurut abang,0.0
merasa,0.0
meskipun,0.0
milenial,0.0
dimata,0.0
dimensity pertama,0.0
minimal dp,0.0
minimalis,0.0
minimalis spek,0.0
minum air,0.0
dipake desta,0.0
infinix gt,0.0
infinix hot,0.0
infinix not,0.0
yin gem,0.0
yin situs,0.0
ae,0.0
membawa keberuntungan,0.0
media,0.0
mekswin,0.0
melakukan,0.0
membaik,0.0
mending beli,0.0
xiaomi,0.0
bagus wajar,0.0
voltage hari,0.0
infinix dimensity,0.0
memberikan,0.0
membuka,0.0
menang banyak,0.0
dijual,0.0
airdrop,0.0
airdrop ala,0.0
bidang,0.0
ac,0.0
ga kerasa,0.0
dika,0.0
dikasih maxwin,0.0
menang pushpin,0.0
menangkan,0.0
ga minum,0.0
ga bang,0.0
random,-3.54672164537273e-05
brand infinix,-3.78668046574941e-05
goreng,-0.0004155970029420564
makan nasi,-0.00045573932624265283
putih,-0.0010477711613552081
salah satunya,-0.0013398027007352656
wijaya,-0.0013906406782926008
mahh,-0.002193833446551857
pamungkas,-0.002214246465594235
ge pamungkas,-0.002214246465594235
ge,-0.002214246465594235
ba,-0.003874115770419404
abang,-0.003908770885401647
masalah,-0.004593222488733813
alasan,-0.004912081562951044
hampir,-0.006245167954561259
mystery box,-0.0063132320506789534
mystery,-0.0063132320506789534
tlg,-0.00646525764111298
penoton,-0.00646525764111298
bnyak,-0.006714644862132357
admin,-0.006824830401883739
budget,-0.007164439892951679
nonton face,-0.0072271692238473784
fyp,-0.00727654474162924
next undang,-0.007742444161829747
note edge,-0.00782369022995372
jga,-0.007856449845897982
sisa,-0.007856449845897982
sederhana,-0.007960134072235392
ft,-0.008320188858717601
undang bang,-0.00849028328117084
liat kamal,-0.008933576100392335
ama,-0.009256567675771883
lo makan,-0.00948540610245778
sok,-0.009491177872095302
aku gak,-0.009672297336086605
bagusnya,-0.00971201291349788
budaya,-0.010061811097985445
orang luar,-0.010061811097985445
punya temen,-0.010061811097985445
total,-0.010685178237076553
diri sendiri,-0.010865389712621187
vomiting,-0.010931541081115409
face vomiting,-0.010931541081115409
secara total,-0.01109062065864692
hadirkan,-0.011211506217587264
wagyu,-0.01125968309558778
yt,-0.011861847056976151
sepertinya,-0.01239852226272036
gak sendirian,-0.012461209163734355
sendirian,-0.012461209163734355
jarang,-0.01281483783024659
rajin,-0.01363365679933431
kacau,-0.01375866721265095
gila,-0.013813474874349696
channel,-0.014128766479628796
ga serem,-0.014399417661070361
game,-0.014409030535242118
motor,-0.014524583606801006
haha,-0.014631154721121474
jkt,-0.014631154721121474
pro plus,-0.014833631975067745
porsi,-0.014838337931107788
bug,-0.014945794580217081
ortu,-0.01568947870263927
paling ngakak,-0.01605329865784744
perjuangkan,-0.01628480618312079
diajak,-0.01628480618312079
planning,-0.01628480618312079
manage,-0.01628480618312079
guest,-0.016474337056478373
bang jerome,-0.01686711574106321
jadiin,-0.01686711574106321
molan,-0.017169727756069158
cuci,-0.01717191536274631
dlu,-0.01717191536274631
pake topi,-0.01764324127979104
permainan,-0.01778914680956519
sampe akhir,-0.018576185288244805
saluting,-0.018693311717272038
saluting face,-0.018693311717272038
gejala,-0.01877805309884792
sukses selalu,-0.018836471262885346
ngantuk,-0.019132161076291104
bangsat,-0.019132161076291104
awal sampe,-0.01962576314086411
face with,-0.019746286136814024
bang dit,-0.02012925326566466
dit,-0.02012925326566466
prof,-0.02012925326566466
diem,-0.02023737379269988
kelar,-0.020370450478449924
pwk,-0.020370450478449924
kerjanya,-0.02043306603180349
pastinya,-0.020635276020799037
cuman aku,-0.02066621114843934
gak suka,-0.02066621114843934
tanya apakah,-0.020885071789291762
mendukung,-0.02093279672816771
main gta,-0.020984121604163065
liat bang,-0.020984121604163065
polisi,-0.020984121604163065
kunci,-0.021046848866257517
midori kawa,-0.021438337307732477
kawa,-0.021438337307732477
gerung,-0.021571311403246977
rocky,-0.021571311403246977
rocky gerung,-0.021571311403246977
ahmad,-0.021571311403246977
genetik,-0.02167754280784149
aing,-0.021827250129113518
bang lu,-0.022200258709957395
cuek,-0.02236657353615734
naikin,-0.02241010944151106
jadul,-0.02259588628693832
paling suka,-0.02259588628693832
wajah,-0.02259588628693832
masker,-0.02259588628693832
familiar,-0.02259588628693832
beruk,-0.022844147625399616
pernah nyobain,-0.02297578890284324
plis,-0.022980506415372297
untung gak,-0.02308811368835391
sweat untung,-0.02308811368835391
naikin mood,-0.023260447062281475
rb,-0.02405995429417901
harga hp,-0.024830998283460352
ngapain,-0.024882727439153096
krna,-0.02514393277659111
lainnya,-0.025273196886361794
yh,-0.025960007094600293
beginian,-0.026221333779761057
naiknya,-0.02623398094391219
peran,-0.02658865186169755
china,-0.026911305353450255
rusak,-0.02705931385185404
bang suka,-0.027216285930168976
hp naiknya,-0.027229412983073072
ampun,-0.027245067364504494
ram gede,-0.027300574593307408
jegel,-0.028727064449959983
respect,-0.028879868298359757
standar,-0.028976109855211887
bening,-0.029606981498953598
david,-0.03028598164628294
bgtt,-0.03030303780133457
adek,-0.03044184294313937
gw suka,-0.03044184294313937
kecil suka,-0.03044184294313937
mendominasi,-0.03083832605869171
go,-0.031244530019320427
ortunya,-0.03132197000547976
kerasa,-0.03149244265318378
hingga,-0.03150351059927137
bagaimana dok,-0.031947092152807326
menurut ku,-0.03200846710051615
jantung,-0.032080092172874816
oki,-0.03242615444241423
online,-0.03244743372654137
mobil,-0.03244743372654137
punya anak,-0.03244743372654137
rapi,-0.03301526553537146
stand,-0.03324290439203189
berdebar,-0.033297351255146296
semua dok,-0.033297351255146296
makan banyak,-0.033297351255146296
hr,-0.033297351255146296
kalbun artinya,-0.03357142699109989
artinya anjing,-0.03357142699109989
too,-0.03367863135487708
anaknya,-0.03367863135487708
koar koar,-0.03428354741646025
binatang buas,-0.03446423209617078
menghargai,-0.034570653303346355
sahil,-0.03458850525187278
puasa,-0.03465064720921432
beliau,-0.03471899266628149
mulai,-0.03473719869771247
beban,-0.0348365521446386
kasian,-0.03491403718696032
kehidupan,-0.03494224860457955
berkembang,-0.035040469947329844
stand up,-0.03555060922120885
arteta out,-0.03558441523318235
out,-0.03558441523318235
fans arsenal,-0.03558441523318235
green heart,-0.03600488448256939
lbh,-0.03614535460576076
bagi bagi,-0.03654927940672484
pelajar,-0.03686935167987239
dana pelajar,-0.03686935167987239
lgsg,-0.037241442685430774
ai,-0.03810186949957888
ngelag,-0.03810186949957888
perjuangan,-0.038307535515606915
redmi note,-0.03833911792428775
aja malah,-0.038654545992660785
vino lepas,-0.038654545992660785
nembak,-0.038654545992660785
skak,-0.038654545992660785
fuki,-0.03901457024059881
not,-0.03916158316156355
bintang,-0.039173730799052064
banyak bacot,-0.03919881876552414
bngt,-0.039267203533834935
radit main,-0.039459394800510555
pernah putus,-0.039563768906117874
kliatan,-0.03987439923383254
mah klo,-0.03987439923383254
pro,-0.04022649764073588
beres,-0.04076698210267364
kapal,-0.04076698210267364
aq,-0.04103806667055004
merasakan,-0.04116739066102256
sebulan,-0.04125652435470427
kpn,-0.04138740843455242
mesin,-0.04138740843455242
muka,-0.04188943995037114
kapal nanti,-0.042313859803456484
nanti beres,-0.042313859803456484
beres face,-0.042313859803456484
desa,-0.042729461614731325
tgl mei,-0.042729461614731325
tgl,-0.042729461614731325
contoh,-0.04326850505483323
anti,-0.04402875944931429
dendam,-0.04402875944931429
kira kira,-0.044299823947546
love,-0.04439763808147055
macam,-0.04439763808147055
aku ga,-0.04439763808147055
nyuruh,-0.04439763808147055
ngerasa,-0.044621885529485594
penjelasannya,-0.044621885529485594
penyebabnya,-0.044621885529485594
jijik,-0.044621885529485594
dolar,-0.04540789434747372
proper,-0.04622239602308068
bagus harga,-0.04627218177599962
pemilik,-0.04627218177599962
penyebabnya apa,-0.04631503513566944
dok apakah,-0.0479382124266935
menakutkan,-0.04800083626398864
kenceng bgt,-0.04882378931945553
jdi,-0.04899700003801055
rekomendasi,-0.04913901007471702
kenapa ga,-0.04936847785469854
memanage keuangannya,-0.04943113029192394
keuangannya baik,-0.04943113029192394
proper cowo,-0.04943113029192394
keuangannya,-0.04943113029192394
cowo memanage,-0.04943113029192394
kata,-0.04951251895040468
berat,-0.04983585513349553
samaan,-0.050007267999814024
njir,-0.05008120645870877
jalan,-0.05010575430090673
hadir,-0.05018730562778462
ibot ibot,-0.050232049249621324
apakah benar,-0.05023524073369186
bakal,-0.050557222792312284
premier,-0.05067202578162668
padang,-0.05115002481500483
teh emil,-0.05115562234861698
emil bukan,-0.05115562234861698
sakit mata,-0.051241733945195767
antibiotik,-0.051241733945195767
gores,-0.051241733945195767
pas pertama,-0.051493389365212826
bukan,-0.05162810479954072
poco pro,-0.05193090834423484
portugal ronaldo,-0.05208505476132878
mampus,-0.0523137988453918
jelaskan,-0.05249294930942033
gangguan,-0.05249294930942033
smaa,-0.052498480597254635
cerdas,-0.05269093216445446
gak boleh,-0.05276927818894641
deket,-0.05309088059337825
bertahan,-0.05403795051842203
diskusi,-0.05413717136484467
musim,-0.05419504582528468
kaya bang,-0.05420302725004853
saling,-0.054712431159756825
kocak,-0.054773152516425117
freya,-0.05488622605616952
skarang,-0.05488622605616952
link,-0.05501552675708188
kaya,-0.05511428900898485
radit,-0.05548258585613319
kepikiran,-0.055668036159464356
tidurnya,-0.05606604865352095
kali,-0.05654482716231424
bang vino,-0.056555727453892035
info,-0.05659328555993594
sejak,-0.057465173694524585
uda,-0.05801461728702778
koar,-0.05804709164777288
rendah,-0.05809015180737785
akhirnya,-0.05810917851710329
ngga,-0.058118512098493176
nyala,-0.0581934398892693
aneh,-0.05819493822070079
bang kamal,-0.05826536665922519
albedo,-0.05853264004207642
target,-0.059274084641506436
misteri box,-0.05945390156291291
misteri,-0.05945390156291291
kemudian,-0.06008219154698892
nggak,-0.060203234941291595
drpd,-0.060294346374432393
menangin,-0.060575518069752324
makin banyak,-0.06081941658611545
diluar,-0.061081919426607664
belinya,-0.06170984276357825
terhadap,-0.062361972819100914
orng,-0.06286944401755225
responsif,-0.06309181356714852
aktivitas,-0.06327637300513586
nama,-0.06334415419551527
rejeki,-0.06461655996441323
batasan,-0.06567735549978176
hit,-0.06603736669190075
sinetron,-0.06609480692043708
kali nonton,-0.06609480692043708
soalnya,-0.06620060173345191
sialan,-0.06660960350261128
kenapa gak,-0.06676584297097513
berusaha,-0.06679260149352492
dibawah,-0.06679260149352492
side,-0.06679260149352492
tolong bahas,-0.06690066028520844
sebagai fans,-0.0675928823336985
dokter tirta,-0.06762857325152642
akal,-0.06835972384867553
sapi,-0.0686860895561983
jumlah,-0.0686860895561983
mata sapi,-0.0686860895561983
dok apa,-0.0686860895561983
sekrang,-0.06879307914475782
dokk,-0.06886896096711809
pedes,-0.06892337329144715
bahas soal,-0.06892938616327696
dok tolong,-0.06892938616327696
bebas,-0.06930196973407109
malu,-0.0693270050843375
walau,-0.0693270050843375
beberapa,-0.06956916809627817
lebar,-0.06980111238347156
infinix note,-0.06987531088629265
masuk akal,-0.07009649643893054
redmi,-0.07012940655423855
teko,-0.07013133953673921
arab,-0.07111946889745101
hamil,-0.07140424375686301
maupun,-0.07144045722347435
naik motor,-0.07164678403816992
radit ga,-0.07164678403816992
tanboykun,-0.07181991740146125
short,-0.07192741334794162
ceplas,-0.0724163440595768
algoritma,-0.07304339445826732
ajar,-0.07304339445826732
kurang ajar,-0.07304339445826732
termasuk,-0.0731569990382474
stress,-0.07321761826185594
gen,-0.07321761826185594
berbahaya,-0.0733390184526762
teman,-0.07339835769245856
smpe,-0.07399781705703912
tinggi,-0.07403753172123506
inggris,-0.07409081947335962
pas hamil,-0.0741136332360884
flare,-0.0741136332360884
bukan tim,-0.0741512208000962
dikondisikan,-0.07457227597678762
mulutnya,-0.07457227597678762
kejar,-0.07515336600016809
kau,-0.07555953469322077
bang tanboy,-0.07564422534880513
jelas,-0.07574107004128922
spongebob,-0.07579564796706359
kalian,-0.07598717924065362
headset,-0.07605749093895042
klau,-0.07610691158776986
yaa,-0.07639992881275831
tanboykun makan,-0.07680561805697222
note pro,-0.07724027487718182
segitu,-0.07726534989348186
bintang tamunya,-0.07748276531492773
chanel,-0.07748276531492773
karna,-0.07782150260881052
pake headset,-0.0783638926909063
se indonesia,-0.07837044540839572
gadgetin,-0.07892207609478541
org luar,-0.08042280050219736
ksh,-0.08042280050219736
buas berbahaya,-0.08042280050219736
rilis,-0.08042280050219736
bnyk org,-0.08042280050219736
klo undang,-0.08042280050219736
menikmati,-0.08099524046427356
negara negara,-0.08106656901049396
dijadikan,-0.08106656901049396
bagusan mana,-0.08110625368469514
bekerja,-0.08113993702799603
kekurangannya,-0.08113993702799603
keperluan,-0.08113993702799603
kemungkinan,-0.08113993702799603
terbiasa,-0.08113993702799603
penghibur,-0.08135779979390842
aktor,-0.08135779979390842
tuhan,-0.08194779784980719
aktif,-0.0821256354605509
hape,-0.08233538944476594
pak dokter,-0.08353219931538004
kangen,-0.08413767678264694
apa hot,-0.08418377987740938
renyah,-0.08433122962509008
gk suka,-0.08435592843886883
ilmu,-0.08512247200441257
are,-0.08536060840843383
of,-0.08547805439167011
pak rt,-0.08567602140090268
gemesin,-0.08567602140090268
gemesin pak,-0.08567602140090268
rt,-0.08567602140090268
kayak gak,-0.08582517812236462
cara makannya,-0.08661788719078986
eh,-0.0870095701993232
baju,-0.08726475044000187
bandingin,-0.08759969535779764
influencer,-0.08799196246877812
ibu,-0.08814035932417677
effort,-0.08825452904241636
koq,-0.08825452904241636
bang medy,-0.0883083560012014
bidadari,-0.08862685295304333
berkelas,-0.08930725756664318
memang terbaik,-0.08970591761679803
mending apa,-0.08982528582608121
penting,-0.08992720108666508
dibanding,-0.09083762637955159
youtuber,-0.0909060091810931
kok,-0.09116403105648863
sayang gak,-0.09122176834086128
jari,-0.09122176834086128
bsa,-0.09122176834086128
pantes aja,-0.09133076258521222
tirta aja,-0.09133076258521222
umumnya,-0.09152169920080791
lari,-0.09159847122882094
keren pak,-0.09160053601461114
diliat,-0.09164512757272034
wkwkwkwkwk,-0.09182817004706473
ora,-0.09209494517591754
duo bahlul,-0.09236373124623667
bau bawang,-0.09308653523248224
anak anak,-0.09329788927845262
bapak anak,-0.0937647983408153
bawang,-0.09377240655790878
nampak,-0.09386949406412715
tumbuh,-0.09426422806423472
tangga,-0.09516461080370847
rmh,-0.09516461080370847
dok aku,-0.09558943041126446
gakuat,-0.0958070413695117
ramah,-0.09590400346123826
klo bandingin,-0.09606090962833641
lite,-0.09606090962833641
vivo,-0.09606090962833641
disitu,-0.09645066350299686
ngeliat,-0.09645066350299686
ma,-0.09681571791888904
bang saran,-0.0968380194772362
aneh face,-0.0968380194772362
terbuka,-0.0968711764883537
arsenal kochi,-0.09714352632725018
cabe,-0.09718698133861539
performa,-0.09725883358057003
pertama dunia,-0.09725883358057003
master,-0.09727933433297808
full,-0.0976591076878785
mc,-0.0978305944662473
fix,-0.09807631713506725
settingan,-0.09853005867560095
rmh tangga,-0.09877557258609364
bener,-0.09881471690054522
rindu,-0.09900977187641045
tahun ga,-0.09900977187641045
psoriasis,-0.09900977187641045
berdamai,-0.09900977187641045
berdamai diri,-0.09900977187641045
tanggal,-0.09925667786455938
perut,-0.09944237977889465
hama,-0.09948158099481506
endorse,-0.09964664939024218
ky,-0.09983440031286003
skip dulu,-0.09987581008223344
tinggal,-0.099991293199996
pro pro,-0.10006929910252298
amoled,-0.10006929910252298
tulang,-0.10044592542093012
kering,-0.10044592542093012
terasa sakit,-0.10044592542093012
dimasa,-0.10057258263867835
performanya,-0.10094925933960767
kencang,-0.10094925933960767
ular,-0.10128715218690951
masa,-0.101405155024968
awal aja,-0.10207333847068262
ture,-0.10317368233801755
ture ending,-0.10317368233801755
typo,-0.10317368233801755
ending,-0.10317368233801755
nanti,-0.10346216546852473
auranya,-0.1036225543446215
but,-0.10373116194421587
beruntung,-0.10396525644227285
tetangga,-0.10438874653823049
peru,-0.10438874653823049
buah,-0.10438874653823049
mistery box,-0.1044623328914133
mistery,-0.1044623328914133
nyaa,-0.10485828494487981
kmrn,-0.10492212318459089
dollar,-0.1049422211858366
detik,-0.10503920056671205
kayak bapak,-0.10507866901778301
bahas bola,-0.10507866901778301
kentu kenta,-0.10650502751533099
lewat,-0.10650712056267236
jangan pakai,-0.10682232015751195
salah satu,-0.10682232015751195
mengikuti,-0.10682232015751195
buas,-0.10694933435203728
kebelet,-0.10735159436809653
apa benar,-0.10805306731554803
sistem,-0.10832768370937153
buka mistery,-0.10842609093743466
dana,-0.10883030626568563
nanggung,-0.10892418829378066
bagus ga,-0.10914226879193142
bersyukur,-0.10959085617094749
ga pernah,-0.10965705232868822
tanboy kun,-0.10967106525514375
atur,-0.11000466728669733
setting,-0.11000466728669733
harian game,-0.11032014394579005
harian,-0.11032014394579005
very,-0.11093212430694437
jumscare,-0.11142498363819908
setan kebelet,-0.11142498363819908
nge,-0.11191446256132956
didepan,-0.11220576144631317
extreme,-0.11220576144631317
enrique,-0.11220576144631317
ditarik,-0.11220576144631317
sengaja,-0.11220576144631317
ditarik keluar,-0.11220576144631317
jalur,-0.11220576144631317
passing,-0.11220576144631317
sampai sekarang,-0.11235978584013533
tugas kuliah,-0.11235978584013533
live,-0.11286840985536933
smiling,-0.11314060004795612
mimpi,-0.11334076212517886
tertarik,-0.11334076212517886
kira,-0.11336799621758319
ngebug,-0.11377566365793858
menurut gw,-0.11377566365793858
sebelumnya,-0.11444833420260574
worth it,-0.11490529395172172
tiap detik,-0.11560859758009422
minum obat,-0.11608451737765937
telor,-0.11629565887576505
biasa aja,-0.1163304866306403
bentuk,-0.11644578279968976
hujan,-0.11664936018083302
daerah,-0.11699541877320631
anak,-0.117734357856984
habis,-0.1182069540596136
memutuskan resign,-0.11879100483797128
memutuskan,-0.11879100483797128
misal,-0.11879100483797128
pendapat,-0.11879100483797128
binatang,-0.11895411435897356
pke,-0.11902249826446726
tahun lalu,-0.11910057096087862
worth,-0.11984365238359401
kemana,-0.11999529368541365
paling asik,-0.12009048399709032
komen banyak,-0.1202467006249547
apa aja,-0.12045730814287435
nontonnya,-0.1208683661014553
kirain,-0.12089408339332332
cr,-0.12095525180239874
coba bang,-0.12157739695632978
happy hiburan,-0.12187267892281833
hiburan nomor,-0.12187267892281833
ikuti,-0.12254261748949859
ny,-0.12286858812382606
gak ngotak,-0.12306908516214558
unboxing,-0.1233156688112453
saran,-0.1234332845026056
wkwkwkwk,-0.12372505921156685
orangnya,-0.12387213285619658
gapernah,-0.12464652182372916
sepakbola,-0.12554893043276086
on the,-0.12567532364870354
laughing,-0.12567532364870354
floor laughing,-0.12567532364870354
the floor,-0.12567532364870354
floor,-0.12567532364870354
rolling on,-0.12567532364870354
jual,-0.12570609304882796
hari makin,-0.1258724653094264
bung,-0.12613881601775295
oppo,-0.12651936682594336
dateng,-0.12682594398480207
food,-0.12791681221557
ngeluarin,-0.12937615632558314
hari main,-0.12949608115056588
makin hari,-0.12968947887283325
oppo reno,-0.1297337649549664
reno,-0.1297337649549664
gw aja,-0.1298591609928352
apasih,-0.1303437765388887
terhibur,-0.13049608027209442
lapangan pekerjaan,-0.1305019982828031
world,-0.13054327167133137
bahaya,-0.13085252388431703
body,-0.13139806048351169
hhhhh,-0.1319097882763807
burem,-0.13217596133640394
pake plastik,-0.13217596133640394
hidup,-0.13246975954848905
momen pas,-0.132521623224901
action figure,-0.13271203688527183
action,-0.13271203688527183
sensornya,-0.13292031710869512
berjalan,-0.13309596894046438
bang ram,-0.1333205017913432
lancar apa,-0.1333205017913432
next bernadya,-0.1336181855587535
bernadya,-0.1336181855587535
pikir,-0.1337214234858073
balik,-0.1337705919191316
cinta,-0.13409039288174895
kacang,-0.13440972915536722
asam urat,-0.13440972915536722
asam,-0.13440972915536722
umur th,-0.13440972915536722
urat,-0.13440972915536722
dikarenakan,-0.13440972915536722
menengah,-0.13462789069448475
mitos,-0.13466619268570734
antara,-0.13478089647663538
bahkan sampe,-0.13572840066668276
enggak,-0.13595965482389344
hewan,-0.1361676379230304
lepas,-0.1366031469750093
sedikit,-0.1369775310002564
janggal,-0.13759491869454676
coachy,-0.1379995664358467
kelihatan,-0.1380119694587062
futsal,-0.13921339089870033
sekelas,-0.13928673580907008
usaha,-0.13940197898598283
hitam,-0.13976970965500157
tambah seru,-0.1398656564991482
please,-0.14083472551720816
tepe sih,-0.14123221282407683
ome tv,-0.14167734267543095
senyum sendiri,-0.14191324196009575
chipset,-0.14227625990651818
close,-0.14272537731253157
door,-0.14272537731253157
kebutuhan,-0.1430081029456764
server,-0.1430081029456764
lgi,-0.14301170994763965
indro,-0.14337537684267393
de,-0.14337537684267393
kalah,-0.14358125252722953
omongan,-0.14381013462449554
temenan,-0.14387921907628562
mitos fakta,-0.14401464851022824
gt pro,-0.14435321229072184
dmna,-0.14440135221238373
cara,-0.14498728735498317
praz,-0.14503654636449667
panjang,-0.14553052778749864
plus,-0.14586943914537823
riview,-0.14631330105285226
ne,-0.146667738643147
bot rolling,-0.14670172132985274
bang coba,-0.14766842052068668
apa harus,-0.14766842052068668
apalagi pas,-0.1477901766794955
mentai,-0.14804914838085165
makanan indon,-0.1480807985269508
indon,-0.1480807985269508
ceweknya,-0.1480807985269508
disana,-0.1480807985269508
selalu dapet,-0.14812496496527935
close the,-0.14814100270625166
the door,-0.14814100270625166
jokes,-0.14817322470673117
bagus sih,-0.14824985166196014
cat,-0.14830562066627176
follow,-0.14843445618714962
roleplay,-0.14843445618714962
lanjut,-0.1485827435507029
depan,-0.1486059907393174
sd,-0.14863050602849354
absen,-0.1489964636571568
gerr,-0.1494450646853659
dini,-0.14944689297772618
uhuy,-0.14959360187906268
masing,-0.15015543935086098
wes,-0.1503903051179009
seri,-0.15050631459186187
suara,-0.15068461799505578
cwo,-0.1508170038574622
tiara andini,-0.15138288875775793
andini,-0.15138288875775793
charger,-0.15165274554510283
indah permatasari,-0.15183775517209802
permatasari,-0.15183775517209802
gk bosen,-0.15255097855889765
undang surya,-0.15262516626875255
pls,-0.15294696015848724
gw gak,-0.15366096479683983
padahal,-0.15406630942758606
definisi,-0.15423537452416342
maksa,-0.1546364231695418
daddy,-0.1547080254703204
mo,-0.15488247333498664
butuh,-0.1551119340213572
sekalian,-0.15619695731291416
auto imun,-0.15622807298701058
manteb,-0.1563518408587481
karakter,-0.15680620603214537
tentu,-0.15683493101103563
amin,-0.15749121104618974
tora,-0.15749306706897512
piye,-0.157579540942773
dj,-0.15789197619643885
ditanya,-0.15789197619643885
windah,-0.15830231490119703
dipake,-0.15848342906683732
kang emil,-0.15857068680279107
developer,-0.1589387114504738
kebetulan,-0.15901011082471578
ingin,-0.1594179215495465
orang makan,-0.15960511002701366
jgn,-0.16020706666957385
dimensity,-0.1603660170433829
nona indah,-0.16038181140985786
segi,-0.16068736794007266
sih segi,-0.16068736794007266
terbesar,-0.16141328323709775
pasangan,-0.16141328323709775
se,-0.16141900166575518
ilang,-0.16150973015781955
th,-0.1615364585597269
sebuah,-0.16157236973921246
sing,-0.1618469745921635
to,-0.16191315706901982
aja gw,-0.16297754662338215
bilang,-0.16327748009171922
tobat,-0.16330147619203852
jawabannya,-0.16388308872215088
pas ditanya,-0.16388308872215088
tips,-0.16388308872215088
internasional,-0.16388308872215088
jirr,-0.16401741382831753
dll,-0.16410234627180761
organ,-0.1641507821654937
hijau,-0.16442732254504722
rangkuman,-0.1649152865232915
begini,-0.1650395736010373
pake hp,-0.1650436502712776
pemakaian,-0.1650436502712776
edge,-0.16551049141068713
funny,-0.1656840375011042
fakta,-0.16580210536149842
brp,-0.16593975733163774
ditahun,-0.16593975733163774
anakku,-0.16629748027793692
game delta,-0.16670151832488725
force,-0.16670151832488725
delta force,-0.16670151832488725
delta,-0.16670151832488725
gak sih,-0.16679713309194996
parahhh,-0.16700725434154812
band,-0.16702435226975423
tiara kayak,-0.16702435226975423
gak terlalu,-0.16702435226975423
pa,-0.16716219280376407
camon,-0.16724701368815506
aku aja,-0.16746672324361614
seru bgt,-0.16779619667514223
covid,-0.16787655657181463
urusan,-0.16835501620573462
kamar,-0.16855443447713364
beruntun,-0.1686600574669092
bang windah,-0.16919264107444876
bertanya,-0.1692204282012811
kritik,-0.16981026065763954
laki,-0.16988964788441577
tecno camon,-0.16989070545452933
tiktok,-0.1704559328665985
bs,-0.17094347835444645
raya idul,-0.17112370027950555
idul,-0.17112370027950555
merk,-0.1719655459104594
is so,-0.17197081493144328
rakus,-0.17260698763071153
gb,-0.1728556463655226
standup,-0.17292118818134625
materi,-0.17292118818134625
suaranya bagus,-0.1729895383156577
ti,-0.1729895383156577
keknya,-0.17315964353154137
prank,-0.17331820836627887
kentu,-0.17373636893057637
mandi,-0.17377670691471694
sekolah,-0.1737861458096444
pengen,-0.17411188498233865
ijin,-0.17411796668005147
tabung,-0.17451789505495005
bg moai,-0.17463542777891009
waras,-0.17495966379789346
topiknya,-0.17561469479246528
nonton pas,-0.17602762085199514
al,-0.17624882437507908
merendah,-0.17651542797117595
spontan,-0.1767469933004945
ad,-0.1767469933004945
dilancarkan,-0.17684474749154072
thinking,-0.17722390500493906
thinking face,-0.17722390500493906
ibott,-0.17727689301032737
izin,-0.1783388130431548
merdu,-0.17862801134874695
collab,-0.17892278013106794
ketawanya,-0.17896301419257438
kenceng,-0.17973632040654702
abang pertama,-0.17978417030766744
bersin,-0.1798165779653402
nilai,-0.17982389995009326
camon pro,-0.18006458094445987
gini aja,-0.18016789490527166
kenta,-0.18032868705304206
kenta kentu,-0.18032868705304206
dok ijin,-0.18072476429103668
seru banyak,-0.1811734659808048
objektif,-0.1815983990808683
ajakin,-0.18171976860894976
menyerang,-0.1818283371859572
ngumpul,-0.18209902474390932
iklan,-0.18266271262111336
lagu,-0.18268824700586478
joy red,-0.18272587921696787
level aja,-0.1831090834758008
astonished,-0.18334254773136185
astonished face,-0.18334254773136185
wah,-0.18344013887409194
ngakak mulu,-0.1842992060649771
bgt punya,-0.18452147568998603
strong,-0.18452147568998603
indah bahagia,-0.18452147568998603
kecilnya,-0.18452147568998603
makannya,-0.18467357200790863
skin,-0.1853186864325433
jaim,-0.1853222846358078
sbg,-0.18567060701790492
pivot,-0.18567060701790492
juta,-0.18621382073351403
ngagetin,-0.18694507108054625
ditambah,-0.1869675030424635
ditunggu,-0.18723390462728676
gak sadar,-0.18730431977907702
sedih,-0.18775722635097808
sweat padahal,-0.1879772706688102
fatal,-0.18861969069684803
kesalahan fatal,-0.18861969069684803
kuliah,-0.18912173021116718
wkwkkwkw,-0.18926108545344986
stabil,-0.18959196856764443
bah,-0.189593735285643
ngeri kali,-0.189593735285643
kmren,-0.18988505383058604
selalu bang,-0.1900810342767551
pro bang,-0.19023845643439036
rp bang,-0.1902870879580281
donk,-0.19030813173739808
singkat,-0.19056146240746752
anak sma,-0.19096715929793062
tamunya,-0.19131949484554955
nyampe,-0.19172550355903437
nahan bersin,-0.19229934964025297
mengundang,-0.19351295771960564
data,-0.1938423523733741
bangettt,-0.19550759827974476
papa,-0.1955104665297055
bagusan hot,-0.1956177933088105
figure,-0.19565249916902308
kompak,-0.1960276586535542
komedi,-0.19609390966746112
pantesan,-0.19609862911037673
sound,-0.19612875345098646
nice,-0.196141438081057
tambah,-0.1971271146398857
lapangan,-0.19717166333584119
kenyataan,-0.19764099314588848
insomnia,-0.19777724048786788
terbarunya,-0.1984353549398811
he,-0.19901672298585574
daging,-0.1990500667525425
pertanyaan,-0.1991702779897241
pertama,-0.19992690830997348
botak,-0.20004320787273178
konten bareng,-0.20023158319347165
nyadar,-0.20046767248289138
alhamdulillah,-0.20085424341578775
lahh,-0.20134316104180972
surya insomnia,-0.20161107209955118
pula,-0.20171598313855316
knp,-0.20195042837659619
energy,-0.20206987303682375
messi,-0.20208404647398176
abisnya,-0.20335200228158773
rakyat,-0.20423477766392872
berenti,-0.2043705524100065
gila sih,-0.20439884760168486
imut,-0.2049017975028502
timur,-0.20490884357587508
artinya apa,-0.20490884357587508
nasgor,-0.20505543058090028
dengar,-0.20526772476348562
lulus,-0.20594561857527274
manis,-0.20627402565897035
ni,-0.20660440315026452
woozy,-0.20700356131570136
woozy face,-0.20700356131570136
sebenarnya,-0.2072604540511374
poco,-0.20765104512987248
mbak,-0.2077192996080509
stroke,-0.20795116734459734
adanya,-0.20832467661730883
wkwkwkw,-0.20841476431872763
main rp,-0.20876236115437558
keren suka,-0.20882809469029928
gak papa,-0.20908269964280815
gni,-0.20937955116382895
sepakat,-0.2096179074893298
ngobrol,-0.20964256795203617
psg,-0.209751291577368
biar,-0.21030860358345096
pinter,-0.21040013298408958
plastik,-0.21046864347558752
imun,-0.2105989982145856
faktor,-0.21097663630485028
bukannya,-0.21106806713394038
sih wkwkwk,-0.21167495197741384
coba undang,-0.2117494328914609
ajg,-0.21180968365845668
layarnya,-0.21240771356647536
kepedesan,-0.21265931992483272
felix,-0.21276300555612673
tawa,-0.21313872086046975
begadang,-0.21344063496390056
coach justin,-0.21370590133270295
terakhir,-0.21374866533111708
sm,-0.21410739439221
anjing,-0.21457329025286695
ilmunya,-0.2149555522031787
gmn,-0.215130779862951
koci,-0.21518281035281786
mati,-0.21545220261693468
boris,-0.21548858053033423
kalbun,-0.21552800559671648
pernah stroke,-0.21584174464578107
terimakasih,-0.21619882032836168
mantab,-0.2166679050613543
nyambung,-0.21744609424680544
ganti,-0.21751952900912322
obat,-0.21761668825695368
taun,-0.21769683449894814
tongkrongan,-0.21784850357607305
aldi taher,-0.2179336015625021
taher,-0.2179336015625021
ngambil,-0.21834278903137427
rekomendasi hp,-0.21841425755148042
bg,-0.21880759051439247
abang gondrong,-0.22033260679207226
muda,-0.220810191690043
gt,-0.22138858764982014
nelen,-0.22139534516278267
tar,-0.22139534516278267
nelen ludah,-0.22139534516278267
ludah,-0.22139534516278267
ujung,-0.22141917644606185
ngang ngong,-0.22157578882191326
ngang,-0.22157578882191326
ngong,-0.22157578882191326
bengong,-0.22157578882191326
sendiri,-0.22251800884209993
aja gak,-0.22255066615696065
tes,-0.2229330556239442
level,-0.22367528472696024
bumbu,-0.22500599886213957
sisi,-0.22511027575568685
gak salah,-0.22523326003709654
kambuh,-0.22580792210448347
tv,-0.22668474311293502
jawa,-0.22719996132271583
keriting,-0.2275410591207753
badminton,-0.22757545395923592
serem,-0.22792828628885936
obrolan,-0.22872207050056922
portugal juara,-0.22900857498825067
unggul,-0.22900857498825067
rebahan,-0.22915385209382955
harus,-0.2296010175701858
fokus,-0.22997331496098175
listrik,-0.23066956410755893
tipe,-0.23066956410755893
pak desta,-0.23074112495539867
ternyata banyak,-0.23074112495539867
sayangnya,-0.23076880071607855
helio,-0.23076880071607855
jos,-0.2308113647927637
hannah,-0.2308113647927637
saking,-0.2310032171537159
harusnya,-0.23114862511763415
kaya ga,-0.23200707963514833
otaknya,-0.23267872547708165
ga enak,-0.23292946007104537
biji,-0.23335593363781532
jebew,-0.23347235685165946
mie jebew,-0.23347235685165946
hypertiroid,-0.23364726414242637
tu,-0.23388021756097738
mantep,-0.23396270933276309
keluar,-0.2346996082437016
ig,-0.23499334166613772
bgt face,-0.23520218783906074
fungsi,-0.2357371802803064
sabar,-0.23610795480167424
seru klo,-0.23613691311128648
ketemu,-0.23614372414536008
sehat sehat,-0.2362875409288746
denger,-0.23661279318914458
bersih,-0.23694292298054973
bagusan,-0.23699333381454257
niru,-0.23703997464474263
bapuk,-0.2378724405997561
agak laen,-0.2385818155468799
stop,-0.23869950891353636
good,-0.23916883397794172
borong,-0.2397684901024031
borong semua,-0.2397684901024031
duo,-0.24017136514125503
adu,-0.24070205627759422
kadang,-0.24094038300619647
hantu,-0.241423636425559
penurunan,-0.2422104789455982
bagus,-0.24254440532458343
investasi,-0.2425532202650938
parit,-0.24260862779917897
eca,-0.24326663655306688
comment,-0.2435520708477048
so,-0.24404187403183314
misuh,-0.24413459217482336
suzuya,-0.24440232272776857
camera,-0.24441123439480691
udh,-0.2447415734378954
kyk,-0.24478883501316895
hahaha,-0.24517498730595777
sy,-0.24518831936343372
growing heart,-0.24540160073107467
crown growing,-0.24540160073107467
growing,-0.24540160073107467
nyimak,-0.24542916643699164
jawab,-0.24610833381528563
the real,-0.24627370506980503
nyari,-0.24669461914640298
plenger,-0.24710995319767112
gimna,-0.24710995319767112
arteta,-0.24718529148741217
penyiar,-0.24752439770977325
cm,-0.2475270735843887
sepak bola,-0.2476795969999164
sepak,-0.2476795969999164
daily,-0.24770205748203944
good job,-0.24824394616237902
pake,-0.24834245817904493
iqoo,-0.2488622257324301
tpi,-0.24960292009571036
bapak,-0.2496168691242604
thumbnail,-0.25008053255518803
ah,-0.2502216358963862
unik,-0.2503149871790535
dapetnya,-0.2507821630484629
lima,-0.2512886298175562
box,-0.25155366144793245
type,-0.25182287120068525
dulu sering,-0.2521929212763954
mulut,-0.25224865383767087
pova,-0.25281383091687537
jogja,-0.25301330292051916
hari hari,-0.25301475200579976
warkop,-0.2530847908204873
tanya,-0.2532911574142126
emil,-0.2538660458899432
langganan,-0.2538978870638817
kriting,-0.25424584229471864
arie kriting,-0.25424584229471864
ultra,-0.2543063189546334
sulit,-0.25502610340390774
cowo,-0.2550891917285898
identitas,-0.2554092666474265
beranda,-0.25583963475205956
lewat beranda,-0.25583963475205956
manggung,-0.2560670370468148
gak takut,-0.2562385217961332
japan,-0.2565488199461131
langsung beli,-0.2565732452366281
mode,-0.2566546795086848
nanya,-0.2567036950334094
cowok,-0.25687012772194084
tecno pova,-0.25764724564342684
ebot ebot,-0.25772912666073006
umur,-0.25781624416810556
ngiler,-0.2580264040012369
kenal,-0.2584516829557064
midori cantik,-0.2584909292673033
salam,-0.2585673949601429
dukung,-0.25919956326996824
aldi,-0.2594170355826907
kayanya,-0.25951460378329044
daripada,-0.259605248265472
tolol,-0.2597252508321171
parkir,-0.2597252508321171
suka nonton,-0.2597530911036809
tambahan,-0.26000630739425074
kuliner,-0.2600337430735836
dehhh,-0.26007468468768574
gilak,-0.2604005909961334
folded hands,-0.26109706705127633
folded,-0.26109706705127633
test,-0.2614232026047392
tauu,-0.26172802105579834
dok tanya,-0.26177082696187737
gta,-0.2623507664469495
wak,-0.2628825790664901
belom,-0.26389304215297493
bahasa,-0.2651559530216423
horor,-0.2653476116585557
siang,-0.26630875694741524
what,-0.26635570220399374
terang,-0.26674874067495913
asal,-0.2672320243917176
final,-0.26731700856193946
hot pro,-0.2673395604270797
hehe,-0.2677484454306415
statement,-0.26803691810912483
kage,-0.26806582892510133
umkm,-0.26806582892510133
this,-0.26806582892510133
penyakit,-0.26857057628913217
bagus mana,-0.26869503411560497
aja penting,-0.2690347289799331
parkir bis,-0.2695803634286437
bis,-0.2695803634286437
salahnya,-0.2695803634286437
maaf,-0.2696308981185671
minta maaf,-0.2696308981185671
liatnya,-0.2704674560123202
miring,-0.27094722662081294
gw liat,-0.2709781898832932
skrg,-0.27125872213745883
ngeluh,-0.2713468419717553
series,-0.2715500118016977
menikah,-0.2719778870485347
bnget,-0.27219437280803466
sampek,-0.2722256644858192
men,-0.2724891808716043
apa,-0.2725809167365366
mencapai,-0.2726784469405892
melemah,-0.27472511454229004
rupiah melemah,-0.27472511454229004
akibat,-0.27472511454229004
bang grinning,-0.274939553746665
roblox,-0.2749853972206661
demen,-0.2750995717633553
makanya,-0.27562783457273554
vs,-0.27590268799351414
penampilan,-0.27594902989122333
min,-0.27651382687281495
ikutan,-0.2769165901858184
rekor,-0.2772088876784091
mah,-0.2772225817626178
habis makan,-0.2773657390344863
topi,-0.2780403984546239
turun,-0.2784941114732053
part,-0.27863970013544725
beli tahun,-0.2787286111292844
kembali,-0.2789118282513694
gary,-0.2791028287804447
ngiler nontonnya,-0.27912794502396854
kyk gini,-0.2796432949778582
bogor,-0.2796432949778582
serasa,-0.2798641722036272
membantu,-0.28043690670760196
duobahlul,-0.2804953411950434
nivea men,-0.280752266024594
bukan cuma,-0.2838055225196997
kuat,-0.28449266396711487
menurut,-0.28481268647489033
hahahaha,-0.2848189048221382
enak,-0.28501724128037353
nonton tahun,-0.28532837531863514
tepi,-0.28537196357486294
finger,-0.2855244350004189
tangan,-0.2857478262923061
skrng,-0.2860497448960266
asik seru,-0.286751744782653
wkwkwk,-0.28691274543529005
pdhal,-0.28694263119641716
intinya,-0.2871006796003808
dada,-0.2873188383413916
bang radit,-0.28798235459196747
malah,-0.2887665546892446
bnyk,-0.28899631135069914
layar,-0.2891555740891879
cewe,-0.28926559339540886
cerita selalu,-0.29004742652877574
orang tua,-0.2900624522020495
ajak colab,-0.29116105845693063
sampai akhir,-0.29136243726383865
jerom,-0.2918757220036101
diundang,-0.2930463068643072
pemain,-0.2932379967087554
bagus bgt,-0.2932798135838765
lagii,-0.29370074750509517
gada,-0.29377019721236974
club,-0.2938041605271815
udh kebeli,-0.29413610235390825
rp,-0.2943861015355663
tingkat,-0.29503704901211647
nggak sih,-0.2954291817040528
hati hati,-0.2960185910918751
timnya,-0.29613361578924347
bahas,-0.29639682468686757
joss,-0.2971453178666021
moai,-0.2972007189025053
berantem,-0.29741239008727033
studio,-0.2975097422679547
group,-0.29759487069496493
bete,-0.2978735228720855
biar tambah,-0.2983010614816159
don,-0.29861797456014016
drastis,-0.3006884012350799
cuy,-0.30095579272447837
bukan hanya,-0.3010071149205309
kenyang,-0.3014776625541964
pembawaan,-0.3024180031606239
hp infinix,-0.3026939893914372
fan,-0.30272241312297143
mina,-0.30272241312297143
podcast paling,-0.3028050434405004
gym,-0.30282647695694254
zonk,-0.3029439819594571
kaget,-0.3031559249659904
trs,-0.3034467740134668
yuka,-0.30368389901285814
agak,-0.3037511837166972
spil,-0.30401599662577916
indo,-0.3043966801696879
pernah,-0.3051185491878722
baik aja,-0.3052399713493986
alhamdulillah udh,-0.30529691324200686
all,-0.3053320467976211
transparan,-0.3053945760484011
usia,-0.305574682586147
tubuh,-0.30589806756794374
test switch,-0.3063282331457841
pol,-0.3063282331457841
switch,-0.3063282331457841
bawah,-0.30656684469912
bintang bete,-0.30690637429187406
ngerih,-0.30695876095240404
nge gym,-0.30727701455160533
skip,-0.3077462460671499
msh,-0.30847136308365414
pembahasan,-0.30856687773076347
bner,-0.30856687773076347
you,-0.3085971222270102
bertiga,-0.3092529930566131
instagram,-0.3100890518930281
bu,-0.3104259177680325
satuin,-0.31049885120575554
ga,-0.31122400495030134
kedua,-0.31137156033464136
belakang,-0.31207877550462715
cina,-0.31231585937570244
editor,-0.31234578078083985
ngeri,-0.31236231058574854
diberikan,-0.312473886171303
anj,-0.3128464702347334
cewek cantik,-0.3131775341350353
bintang tamu,-0.3133359628976885
tamu,-0.3133359628976885
kepengen,-0.3137902850265537
kalian berdua,-0.3137902850265537
doi,-0.31511941417880635
sedang,-0.3154176978575455
kelas,-0.31652245684023556
diganti,-0.31832539603203347
klub,-0.31870407584277527
bng,-0.3192833042610812
ebot,-0.319448609410928
big,-0.3197716347621987
wkkwwk,-0.321226360262011
klo,-0.32160694797900924
kamera,-0.3220180506293481
plisss,-0.32218575763321794
lama,-0.3222845795953737
berdua,-0.3225575463941402
sakit,-0.3226059248212876
bahkan,-0.3226777692957108
chelsea,-0.3227687096204711
fb,-0.32298530413491583
aja kaya,-0.32387534538848106
nonton pake,-0.324042394361304
trex,-0.3246306132687735
ikan,-0.324677292131781
tepe yuka,-0.3247654745584425
baik,-0.3247925955891714
liverpool,-0.32489130089138074
an,-0.32517446532312655
pakai,-0.3253343439508426
bawa indonesia,-0.32575246309092715
iki,-0.3259607960021896
ayu,-0.32596418935560195
nunggu,-0.32598413072920046
kemping,-0.3260024995906986
malaysia,-0.32606863701064903
kembar,-0.3260725139901304
lahhh,-0.3260781202364367
lokasi,-0.3260901733459497
cakep,-0.3260916309794534
android,-0.32610648058537095
herlambang,-0.32610935372359906
video,-0.32611244181573507
komen,-0.3261450140122261
dongg,-0.32617927746967756
dua,-0.3262076219917338
april,-0.326233845787739
mayo,-0.3262918644223832
laper,-0.3263056342269283
nonton,-0.32633242176435906
kk,-0.32633310631595336
omg,-0.326377611547366
ketawa,-0.32638672079422526
pemicu,-0.32638851624667764
seruuu,-0.3263996832880684
kun,-0.32642092317348126
jt,-0.3264241401126919
ariyanto,-0.32642715261566213
nyamuk,-0.32643033614319583
iran,-0.32643113270183094
ndokasin,-0.32643558783492876
itel,-0.3264396189035801
pedesnya,-0.32650555791791386
em,-0.3265165310341367
edukasi,-0.32651906002454234
anjay,-0.32652339115465073
api,-0.32653350466584113
ibotttt,-0.3265477127738137
seneng,-0.32657154618590434
kelamaan,-0.3266822180000184
mas,-0.3266964551521195
luar,-0.326703141810653
setan,-0.3267165615002334
review,-0.32680652618083844
cantik,-0.3268446511501101
smart,-0.3273676140278913
ni orang,-0.3273884017003581
in,-0.32815905142824525
ganteng,-0.32829145847272345
ko,-0.3290215609935707
kebeli,-0.32918319341263264
klw,-0.32933053148499425
person,-0.32933053148499425
memanage,-0.3294047885854923
trus,-0.3295088106881344
selalu kak,-0.3295096487019617
terbang,-0.32952075651371104
samsung,-0.3296779455542136
titik,-0.32981031175720443
malam,-0.3307787804648156
kah,-0.3308963913123336
dri,-0.3310758323243493
berarti,-0.33125786076907393
baca,-0.3313643240324571
podcast ter,-0.3313804771725932
kurang,-0.33155964707672725
yb,-0.3326451645916868
kulit,-0.332980782707927
doang,-0.3333004795674049
sekarang,-0.3344422451604281
asik bang,-0.33458823612174715
lucu,-0.33480110307792094
wibu,-0.3349826993926335
plan,-0.3375568260017545
gk kuat,-0.33769093724908433
choice,-0.33828319831776793
second,-0.33828319831776793
nikah,-0.3385221476794295
sweat,-0.33900721654524163
teh,-0.3394861262090302
artinya,-0.34117649390182947
warnanya,-0.3412880562681635
rendang,-0.34138710604059147
tiang,-0.34148714873071895
next,-0.34156962313005634
endingnya,-0.3422873574146459
pake samsung,-0.34271550247849986
heart face,-0.34285859801517554
suatu,-0.34329567834472047
memilih,-0.3435252143987766
lumayan,-0.3444120997848904
gaming,-0.34446050314560217
host,-0.34501035697633586
mak,-0.3457552860646201
sponsor,-0.34625874845491644
pekerjaan,-0.34634496044113894
mainan,-0.3463582410211509
coach,-0.3463734535946068
kata mukbang,-0.34694083077229176
ikan lele,-0.347216217916984
emg,-0.3481734022933932
jujur,-0.34940865561940754
sore,-0.3501654728794988
bola,-0.3508993563065786
ngundang,-0.3510730607035596
autoimun,-0.3517201182132488
kak indah,-0.35534461617875446
ujan,-0.35553467247260734
tecno,-0.355838714478485
tears,-0.3562071337317573
memang kocak,-0.3567669753953548
sembuh,-0.3571648333163647
kesehatan,-0.35813839413691284
lanjuttt,-0.3593440139339041
duluan,-0.3593744316131132
tugas,-0.35965797586352816
of joy,-0.3612753213421714
joy,-0.3612753213421714
with tears,-0.3612753213421714
tears of,-0.3612753213421714
bot,-0.36144104247473713
ari,-0.3628923793064396
semangat,-0.36309288672776935
dibikin,-0.3632490884755176
cuk,-0.36390963072253607
gorengan,-0.364018746064772
pusing,-0.3640524586914496
dewa,-0.3640568909631998
petcahh,-0.3640568909631998
argentina,-0.364602070031331
jam,-0.36597729495580084
bet,-0.3667749221979713
terpal,-0.3670452161666547
medy,-0.36706946106269406
tolong,-0.36725600742642633
nikmatin,-0.3676153947199332
gaming berat,-0.36837276896917337
ketawa sampe,-0.3685851962358697
berisik,-0.3686353542170621
vino,-0.3689883278598378
nilainya,-0.371773719644599
mei,-0.37200161873932436
orang lain,-0.3723669414121604
laen,-0.37317369888886087
brand,-0.3740121571863347
terjadi,-0.37442128300314886
ituu,-0.37469207516632486
sendok,-0.3749748761792481
perasaan,-0.3752229627562702
rumah,-0.37698423745675913
dulu,-0.37734702276061377
nnti,-0.3777179546118801
pov,-0.37801251675332576
minum,-0.3786323370297441
jerome,-0.37876517796039433
murah,-0.3799186446437041
minuman,-0.381513519387389
aku suka,-0.381827530321481
streamer,-0.38345668992215115
lg,-0.38404964217898874
biasanya,-0.3844391075329018
gw tonton,-0.3845643618922036
sadar,-0.3846602088170286
dosa,-0.38526077826711697
main ome,-0.3856782982102947
iphone,-0.38589082270368347
banding,-0.38693426457808533
barang,-0.3871020861051881
open mouth,-0.38731597203647217
suka,-0.38741169124495756
wow,-0.3875637753942426
kemarin,-0.3884862014284167
gaji,-0.3900617371623252
rasanya,-0.39073088444759874
wanita,-0.39237721189168595
minta,-0.39384428065574895
genshin,-0.3963155351952066
hpnya,-0.39750778819526256
kerja,-0.39788347398231894
mna,-0.397927033745969
versi,-0.3990296636068923
semoga sehat,-0.39921135823716275
netizen,-0.40165275895866187
mirip,-0.402623572532784
waktu,-0.40340345683529083
cup,-0.404066073034277
vlog,-0.4045570317590434
ber,-0.40543592169559295
balikin,-0.4055199306150038
woy,-0.4055199306150038
kenapa,-0.40608307402138777
film,-0.4064520235373427
loudly,-0.40798407657200153
loudly crying,-0.40798407657200153
favorit,-0.40848122176487717
smp,-0.4088903767358009
botuna,-0.40908077424074657
temennya,-0.4106006890628668
up,-0.41089688368479144
red heart,-0.4109986582015371
main genshin,-0.411353480911259
olahraga,-0.4119280949668487
is,-0.41450970622056316
bakso,-0.41510535049358743
garry,-0.4157810943310012
bahlul,-0.41619449759009486
istri,-0.41681178847041706
mana,-0.41747534432101774
sehat,-0.417825622682108
santun,-0.4179850567424419
hayo,-0.41949361576415684
takut,-0.420008989651516
kamal,-0.42155224348735476
kapan bahas,-0.4221701759563487
kapan,-0.42522786770032134
wkwk,-0.4260211139072956
satu,-0.4262360559170212
gw,-0.42648260806714144
mie,-0.42971868388515266
makanan,-0.4304158381238646
pedas,-0.4307954601899352
resign,-0.4311538374535903
model,-0.4329411435753302
pilih,-0.43832817567560234
harga,-0.43901141997358395
liat,-0.44003761155598886
keliatan,-0.4405334240305122
fans,-0.44160043045259634
berada,-0.44271922143024933
panas,-0.4428287970740914
smua,-0.44352584658958505
namanya,-0.4441559892078953
trifellas,-0.4442057508685549
pernyataan,-0.4442057508685549
masa depan,-0.4453779551709077
kochi,-0.44553488151443077
gilaaa,-0.446078997657642
ku,-0.4462564274406582
nyanyi,-0.44717750165937753
air,-0.44720220517069786
menit,-0.44835623197288776
pak,-0.44865630036904947
lihat,-0.45125496209159055
hp,-0.45259661238341303
akhir,-0.45429381006597547
ngeh,-0.45639309264259736
selamat,-0.45766558057045936
ga sih,-0.45834023818802727
ome,-0.4583588304040115
intro,-0.4586221032801343
org,-0.4593145671819293
acara,-0.4593996228363163
mules,-0.4602941505668046
nutup,-0.4615321712549948
job,-0.46244803144701513
artis,-0.46291994849143875
dog,-0.4677366624722268
lambung,-0.46823132165691195
situ,-0.4686534866304709
kayaknya,-0.4689950212216763
apakah,-0.4699322835222891
subscribe,-0.47045221348768207
openingnya,-0.4707651660578741
smiling eyes,-0.4714139271158446
with smiling,-0.4714139271158446
memori,-0.47221644093793336
raya,-0.47242864586938405
efeknya,-0.4726390938650753
surya,-0.47406353275524904
ye,-0.47794442430532813
kesalahan,-0.4780792519989865
sebelum,-0.47826775109329384
bangg,-0.48099832784494734
thn,-0.4851231931585975
it,-0.48706746286080355
setuju,-0.4889752097576768
guys,-0.49052844960692077
episode,-0.49327944985345934
dokter,-0.4939755868790493
mukbang,-0.49427257537134517
gofar,-0.49847912196219396
nivea,-0.49945700848769553
arie,-0.500973812614596
ayam,-0.5035383393581128
yak,-0.503789261869658
colab,-0.5040425577187988
suaranya,-0.5055822189503267
meninggal,-0.5067843547316724
terlalu,-0.5095875914504104
gondrong,-0.5098029897912134
kerjaan,-0.512649864606179
dota,-0.5135762977353375
main dota,-0.5135762977353375
jg,-0.5214350630987037
jir,-0.5223857991495718
keren bgt,-0.5231067843313566
portugal,-0.5245329286332978
ngomong,-0.5257015693978445
harganya,-0.5263281678315844
kuch,-0.5304097653906342
kesini,-0.533738579324705
ram,-0.5347980293159511
open,-0.5353248662212492
with open,-0.5353248662212492
paling keren,-0.5366830426637607
kak,-0.5375610736999085
tiara,-0.5377041816571799
vidio,-0.5388869893167761
indonesia,-0.5391912877970084
sensor,-0.539245148300638
jauh,-0.5400450030392426
tim,-0.5408906812846291
kebanyakan,-0.547047829746181
ternyata,-0.5474057982133836
youtube,-0.551581398511633
lele,-0.5535191926991054
ronaldo,-0.5560918937857579
beli,-0.557312069368125
airnya,-0.5598743043604683
kek,-0.562128990645922
bau,-0.563861625557996
nada,-0.5654711869499146
sasuke,-0.5698209395473193
bott,-0.5700559508340892
with sweat,-0.5709440346435015
ginian,-0.582178730545429
negara,-0.5835033946706774
hutan,-0.5853568416737083
jer,-0.5869158816776716
undang,-0.5885478615296358
dpt,-0.5905309792742166
justin,-0.5961549502925227
seruu,-0.5986723276709872
nona,-0.5995312915543112
menyebabkan,-0.6003009226083247
mantappp,-0.6016442005976749
the,-0.6054110434748712
tonton,-0.6082529560377005
pisan,-0.6082750848620392
lv,-0.6088513695856029
gerry,-0.6113891332994703
gk,-0.6139189234852399
one,-0.6149769529004923
bang main,-0.6222859701356995
hitomi,-0.6233111790695316
tenda,-0.6239838003662905
berasa,-0.624640294872411
punya,-0.6247375865182514
wkwkw,-0.6263064212567702
garing,-0.6296122138593783
pria,-0.6335689543703944
gjls,-0.6343378834743062
allah,-0.6379591577795063
gooner,-0.6385024835047854
podcast,-0.6419245438378314
siapa,-0.6448592560313364
cross,-0.6453898935914875
cross mark,-0.6453898935914875
tahun,-0.649979479620758
note,-0.6516152552447902
dodog,-0.6520302951836392
radio,-0.6569079463508274
salah,-0.6578165803354019
ki,-0.6614149842274258
grinning face,-0.671136689882856
jelek,-0.6980281058612705
finix,-0.7045868859041369
bgt,-0.7114912150445498
jumpscare,-0.7167456201015727
camping,-0.726330651638714
crying face,-0.7306794044833289
crying,-0.7306794044833289
ngomongnya,-0.7317980928204989
nah,-0.7359815429749492
london,-0.7362646060226162
sayang,-0.7406117106317314
lu,-0.7425758905448177
arsenal,-0.767965510127784
jaman,-0.7828605635660739
cocok,-0.7867422512348822
infinix,-0.7953225018626319
disatuin,-0.8065501142467187
anjir,-0.8537310667987221
cewek,-0.8889758322451449
indah,-0.9005620409691307
tepe,-0.9062534285607149
tidur,-0.911313085519502
jot,-0.9292631297330107
orang,-0.9594161732385438
mahal,-0.9693148772248168
midori,-1.0787448079410829
ibot,-1.1509850704704478
desta,-1.194282658571735
tirta,-1.2625230886105467
dok,-1.3865118383876642
bang,-1.555389553796915
