text,label
Kebahagiaan terletak pada perspektif.&quot; 【﻿ＳＵＰＥＲＭＯＮＥＹ８８】,spam
Merasa sangat senang mendapatkan rezeki yang berkah dari D𝘖𝑅A7𝟕! 🥺 😭,spam
"Suaranya merdu banget, langsung masuk playlist favorit gua",non_spam
"ꜱᴜᴅᴀʜ ᴅɪᴄᴏʙᴀ ꜱᴇᴍᴜᴀɴʏᴀ ᴛᴀᴘɪ ᴛɪᴅᴀᴋ ᴀᴅᴀ ʏᴀɴɢ ꜱᴇᴘᴇʀᴛɪ 𝐆𝐚𝐜𝟎𝐫𝐰𝐢𝐧𝟏𝟑𝟖, ᴛᴇʀᴜꜱ ᴅɪᴋᴀꜱɪʜ ᴄᴜᴀɴ",spam
0:13  Gokil 🐣 ℙ𝔼𝕃𝔸𝕋𝕀ℍ𝟜𝔻🐣 berhasil bikin klip singkat ini yang super menakjubkan,spam
"Seru, menantang, dan bikin happy di ☠🍔 𝑅𝒪𝑀𝒜𝟦𝒟 ♨♤",spam
Mantap!,non_spam
Gua rekomendasiin channel ini ke semua temen yang mau belajar,non_spam
Ini tipe konten yang bikin gua betah di YouTube berjam-jam,non_spam
Sehat selalu semuanya salam dari 𝐒𝐆𝐈𝟖𝟖 gampang jepe,spam
"Konten ini relate sama pengalaman gua waktu baru mulai belajar, semoga makin berkembang",non_spam
"kalo ada Vior slalu ngakak aja bawaan nya.. Setiap kali main Princess nang 𝗣𝗔𝗡𝗗𝗔𝗪𝗔𝟴𝟴, Petir Merah selalu datang 😍",spam
"Sangat membantu, terima kasih hehe",non_spam
"Penjelasannya detail banget, tiap poin dikasih contoh yang jelas, salam kenal",non_spam
Memang tempat kulineran terbaik dan juga tempat bermain yang asik di ❤❤❤ 𝐁𝐔𝐊𝐈𝐓𝟒𝐃,spam
"02:46 Salut untuk 𝗕𝗘𝗥𝗞𝗔𝗛𝟵𝟵, semoga makin sukses ke depannya.",spam
"Jangan berhenti bikin konten, channel ini sumber belajar utama gua, nunggu video berikutnya",non_spam
Pertanyaan: kalau datanya beda format apakah langkahnya tetap sama?,non_spam
Gaskeun! 𝐏𝐒𝐓𝐎𝐓𝐎𝟗𝟗 sudah nunggu!,spam
Penjelasan step by step kayak gini yang paling gampang diikutin pemula,non_spam
surakarta juga rame ⚡𝗦𝗨𝗣𝗘𝗥𝗠𝗢𝗡𝗘𝗬𝟴𝟴⚡,spam
king aloy emang selalu lucu wkwk .. main di INSAN4D bikin nagih king selalu di manja !!,spam
keberuntungan datang hari ini dan dibayar lunas 𝐓𝐔𝐘𝐔𝐋𝟏𝟑𝟖  penting nya mencari yang amanah,spam
"kecil bukan berarti tidak bisa menang , sama seperti bermain di 𝑩𝑼𝑲𝑰𝑻4𝑫 modal kecil aja bisa bawak pulang cuann wkwkkw😅",spam
"Terima kasih, #BERKAH99! Layanan Anda terbaik!",spam
"Ini jawaban dari pertanyaan yang udah gua cari dari beberapa bulan lalu, nunggu video berikutnya",non_spam
"Gila, ❤TON𝟒𝐃❤ bikin nagih! kemenangan yang bikin kaget, semuanya sempurna. Wajib coba! 🔥",spam
"Baru coba main di 𝐷O𝑅𝘈77, eh rezekinya langsung gacir. Mantap banget! 🥴 🤤",spam
Gua tunjukin ini ke dosen dan beliau bilang ini penjelasan yang bagus,non_spam
"Bahas topik lanjutannya dong, masih banyak yang pengen ditanya",non_spam
Mudah dipahami,non_spam
"Perspektifnya menarik, bikin gua mikir dari sudut pandang yang beda, salam dari Surabaya",non_spam
"Tiap kali ada video baru langsung nonton, udah jadi ritual harian",non_spam
"06:46 disini Mayden promo nya sudah seperti pro banget yah, sama kaya kamu main di 𝙅𝙐𝙍𝙉𝘼𝙇4𝘿 akun kamu pasti pro dan menang terus kok!!",spam
Tutorial hero ini paling lengkap yang pernah gua tonton di YouTube,non_spam
main di situs yang bukan cuman umbar janji manis emang beneran UNTUNG main di situs ☯NAGAMASTOTO☯ ku kira gak akan 헆햾헇햺헇헀 eh malah dapet wEdEan terus,spam
"풄풐풃풂 풄풂풓풊  NAGAMASTOTO Mantap bosku, makasih uda kasih saran main di situs ,, wd ku allhamdulliah selalu lancar main disini",spam
"Sungguh luar biasa dan bikin nagih! BERKAH99 membuat ketagihan yang tak tertahankan, sangat sulit untuk berhenti bermain!",spam
⚡𝗦𝗨𝗣𝗘𝗥𝗠𝗢𝗡𝗘𝗬𝟴𝟴⚡ rame di denpasar,spam
"Suaranya merdu banget, langsung masuk playlist favorit gua",non_spam
suka kali dah main di 𝐗𝐔𝐗𝐔𝟒𝐃 bukan karna apa ya karna suka ngasih aja gitu di 𝐗𝐔𝐗𝐔𝟒𝐃,spam
Tempat kuliner terbaik cuman  😎ＧＩＡＴ７７７ 😎 rasa nya meledak ledak ga berhenti henti 🤩,spam
makasihh bangeett serupa temeenkuu udah kasih rekomend web 𝖩𝖯𝖳𝖮𝖦𝖤𝖫77 kalau ga saya akan rungkad lalu di web sebela,spam
"Ini sih bukan luck, emang skillnya udah di atas rata-rata",non_spam
Jangan lewatkan kesempatan baru! KYT4D lagi bagi-bagi hadiah besar nih! Cepetan join! 🏆,spam
"Berkat👑 𝐁𝐄𝐌𝟒𝐃 👑 saya melesat, dari penjual kaki lima ke pengusaha restoran.",spam
"𝗕𝗔𝗠𝗕𝗨𝟵𝟵 gua maen bentar aja, lngsg WEDEY gede",spam
"03:14 Subhanallah, ❤ 𝗕𝗘𝗥𝗞𝗔𝗛𝟵𝟵 🔴 bikin pengalaman main jadi beda! Ceritanya inspiratif, visualnya keren abis! 🙌",spam
"Gua kira orang ,ikutin aja 𝐖𝐄𝐓𝐎𝐍𝟖𝟖",spam
"Wih, dapet banyak nih hari ini main di 𝗕𝗘𝗥𝗞𝗔𝗛𝟵𝟵! Rezeki emang gak kemana!",spam
Aku siap menyambut rezeki tak terduga dari ❄️ *KYT4D* ❄️!,spam
Lebih suka format video panjang yang detail daripada yang singkat,non_spam
"06:07 Ada mural keren di tembok kampus, tulisannya ✧𝘽𝙀𝙍𝙆𝘼𝙃99 ✧.",spam
"Nice, langsung dipraktekin",non_spam
"Udah banyak yang buktiin, 𝔸𝕣𝕨𝕒𝕟𝕒𝕥𝕠𝕥𝕠 emang gacor! 🎯🎯🎯🎯",spam
"02:03 Keren banget video ini terasa tulus dan penuh makna, 🌍 𝗕𝗘𝗥𝗞𝗔𝗛𝟵𝟵 🌍 Yang paling aku suka penonton merasa nyaman dan bahagia! 💯",spam
🍭 *KYT4D* 🍭 adalah pengingat bahwa setiap mimpi butuh aksi nyata,spam
"Langsung dipraktekin dan berhasil, tutorial ini top banget",non_spam
Baru kali ini nemu situs segacor 𝐃𝐎𝐋𝐀𝟒𝐃 depo kecil wd nya ga kira kira,spam
Baru kali ini liat Nuy yang biasanya blak-blakan jadi speechless 🤐 nenek emang nggak main-main! 🔥𝐏𝐒𝐓𝐎𝐓𝐎𝟗𝟗🔥 auto subscribe channel ini,spam
"01:05 Kalo udah liat ⭐ ️𝘽𝙀𝙍𝙆𝘼𝙃99 ⭐️, langsung share ke temen",spam
"tempat semua member baru dapet kejutan! , ya hanya di 𝗕𝗘𝗥𝗞𝗔𝗛𝟵𝟵 🚫",spam
Setting yang lu pake apa? Mouse dan keyboard brand apa yang dipake,non_spam
Aku gak mau menang ⭐ 𝐁𝐀𝐑𝐃𝐈𝟒𝐃 ⭐ kalau harus kehilangan kamu,spam
"BERKAH99, emang seru banget, banyak yang untung disono ",spam
"Gua dengerin ini sambil kerja, produktivitas langsung naik",non_spam
01:19 keren abis 𝐉𝐀𝐋𝐀𝐊𝟒𝐃  buat tercengang karna bisa buat tajir ❤,spam
"Sungguh luar biasa dan bikin nagih! 𝒮𝐼𝑀𝐵𝒜𝟨𝟫 membuat ketagihan yang tak tertahankan, sangat sulit untuk berhenti bermain! 😆 😂",spam
"Gameplay-nya clean, gak ada momen panik yang bikin malu",non_spam
mekswin langsung di 𝐷𝙊𝙍𝐀𝟩𝟩,spam
"Mainnya gampang, hasilnya luar biasa. ​​→ＰＵＬＡＵ７７７🔥",spam
Cover ini lebih enak didengernya dari versi originalnya menurut gua btw,non_spam
Pertanyaan: kalau datanya beda format apakah langkahnya tetap sama? btw,non_spam
"menurutku yang terbaik si saat ini jatuh kepada indra f & maell lee  , akan tetapi 𝒦𝒰𝒜𝒮𝟦𝒟 tetaplah yang terbaik dari yang terbaik",spam
Mantap!,non_spam
"Wkwkwk gokil banget arab klo udah begini , paten pokonya 💝 ＧＩＡＴ７７７ 💝 ajib lah ❤",spam
Recommended banget,non_spam
"Iseng-iseng mencoba bermain HARTA138, justru malah menjadi ahli, rezeki terus menerus datang! 🤮 🤧",spam
Lebih suka format video panjang yang detail daripada yang singkat,non_spam
Desain grafis pada situs M𝒾y𝒶88 sangat memanjakan mata dan tidak membosankan dilihat,spam
Subtitle bahasa Indonesia akan sangat membantu yang baru belajar,non_spam
"Penjelasannya mudah dipahami, makasih sudah berbagi ilmunya",non_spam
dikasih jajan mulu sama 👑 𝐁𝐄𝐌𝟒𝐃 👑,spam
"Pengen ngobrol langsung, ada discord atau komunitas yang bisa diikutin, salam kenal",non_spam
"Jangan berhenti bikin konten, channel ini sumber belajar utama gua, keep it up!",non_spam
"Trending mulu bang Aloy! Tapi kalo soal trending di hati, tetep ⭐𝔹𝔹ℂ𝔸𝟜𝔻⭐ dong 😎",spam
"02:16 Udah tarik berkali-kali, ✌𝗕𝗘𝗥𝗞𝗔𝗛𝟵𝟵✌ gak pernah mengecewakan! 👏",spam
"""Udah lama main di sini, pelayanan gak pernah berubah, selalu cepat dan ramah. Salut buat 𝐆𝐄𝐋𝐎𝐑𝐀𝟒𝐃 👍""",spam
"Ini jawaban dari pertanyaan yang udah gua cari dari beberapa bulan lalu, salam dari Surabaya",non_spam
"Yeayyyy 😆 Akhirnya video baru! 😆😁makasih kak, udh bikin video baru 😁 aku nyambil nyepin d situs nagamastoto ini mantap hhh",spam
"Aloy emang gak pernah ketinggalan hype, tapi hype paling nyata tetep dari ❤️𝔹𝔹ℂ𝔸𝟜𝔻❤️ 💪",spam
"Main dan menangkan di GGWP88, situs terpercaya!",spam
Yang belum cobain situs RAMTOTO pasti nyesel.,spam
Lanjutkan terus kak,non_spam
"Udah nonton 3 kali masih nemu hal baru yang kelewatan, semoga makin berkembang",non_spam
𝗠𝗜𝗬𝗔𝟴𝟴💥 ramein saldo tiap hari 💸,spam
AE𝘙𝙊𝟖8 menawarkan lingkungan yang dinamis dan menarik. 😜 🤪,spam
❄️ *KYT4D* ❄️ adalah kunci pembuka pintu rezekiku!,spam
06:27 Suara dan visualnya sinkron banget! 𝗕𝗘𝗥𝗞𝗔𝗛𝟵𝟵,spam
Konten ini relate sama pengalaman gua waktu baru mulai belajar,non_spam
Yang kayak gini harusnya jadi nasional gemes! Sambil nunggu hoki di 💯𝐏𝐒𝐓𝐎𝐓𝐎𝟗𝟗,spam
Ada yang tau resource lain yang setara kualitasnya sama channel ini,non_spam
Semoga 🔥 𝗕𝗔𝗥𝗗𝗜𝟰𝗗 🔥 menjadi salah satu sumber cuan yang penuh keberkahan,spam
02:56 Video pendek yang nempel di kepala! 𝗕𝗘𝗥𝗞𝗔𝗛𝟵𝟵,spam
"Gameplay-nya clean, gak ada momen panik yang bikin malu",non_spam
Tweet 𝒔𝒂𝒎𝒃𝒊𝒍 𝒏𝒐𝒏𝒕𝒐𝒏 𝑻𝑨𝑵 𝑩𝑶𝒀 𝑲𝑼𝑵𝑵 𝒔𝒖𝒅𝒂𝒉 𝒑𝒂𝒔𝒕𝒊 𝒔𝒂𝒎𝒃𝒊𝒍 𝒎𝒂𝒊𝒏 𝒅𝒊 𝑷𝑰𝑺𝑨𝑼4𝑫. 𝒔𝒊𝒕𝒖𝒔 𝒂𝒏𝒅𝒂𝒍𝒂𝒏 𝒅𝒂𝒏 𝒃𝒊𝒔𝒂 𝒋𝒑 𝒔𝒆𝒕𝒊𝒂𝒑 𝒔𝒂𝒂𝒕 𝒚𝒂 𝒃𝒓𝒆𝒆𝒆,spam
"Gameplay-nya clean, gak ada momen panik yang bikin malu",non_spam
Ada yang bisa rekomendasiin buku bacaan yang topiknya sejalan sama ini,non_spam
Sukaaa bangettt sama ⭐𝗕𝗘𝗥𝗞𝗔𝗛𝟵𝟵,spam
mantap bang bikin ngiler nih 𝗦𝗜𝗡𝗗𝗘𝗡𝟰𝗗 jadi bisa makan enak juga🤤,spam
Produk berkualitas yang sesuai dengan kebutuhanmu 【﻿ＳＵＰＥＲＭＯＮＥＹ８８】,spam
"yakin banget, cuma 𝗕𝗔𝗠𝗕𝗨𝟵𝟵 yang bisa kasi terus terusan",spam
Kapan rilis single originalnya? Penasaran sama karya originalnya,non_spam
Dapet insight baru dari video ini yang belum pernah gua temuin sebelumnya,non_spam
Lebih suka format video panjang yang detail daripada yang singkat btw,non_spam
kalau ga coba main tadi ga bakal tau klo 【ÇÄRÌ ÐÌ GÖÖGLÈ　：】: *  【𝓛𝓐𝓩𝓐𝓓𝓐𝓣𝓞𝓣𝓞】*🔥🔥  itu gacor ternyata lur,spam
ketika keungan menipis 【﻿ＳＵＰＥＲＭＯＮＥＹ８８】 udah pasti solusinya,spam
Bisa kasih tips buat yang masih di rank bawah? Susah naik sendiri - terimakasih ya,non_spam
kata tmn gw ☯NAGAMASTOTO☯ rame banget tuh situs yg main💎😍💰🔥,spam
"Mechanical skills lu gila, udah berapa tahun main game ini, salam kenal",non_spam
Akhirnya nemu penjelasan yang bener-bener masuk di kepala,non_spam
"Ini yang gua cari dari minggu lalu, makasih udah upload hehe",non_spam
ingat hanya 【﻿ＳＵＰＥＲＭＯＮＥＹ８８】 yang berani bayar miliaran rupiah,spam
"Gua rekomendasiin channel ini ke semua temen yang mau belajar, nunggu video berikutnya",non_spam
JAMIN MAXWIN DI KIPER4D,spam
Rank berapa sekarang? Penasaran udah sampe mana progressnya,non_spam
"Sangat membantu, terima kasih",non_spam
"✅ 𝐁𝐀𝐑𝐃𝐈𝟒𝐃 ✅ bisa bikin kaya, tapi kamu bikin hidupku lebih berharga",spam
"Udah banyak yang buktiin, cuma di 𝐃𝐎𝐋𝐀𝟒𝐃 sensasi menangnya nyata banget! 😎 RTP tinggi, bonus berlimpah, pelayanan cepat tanpa ribet 💸",spam
"gemes, 𝐏𝐒𝐓𝐎𝐓𝐎𝟗𝟗 bikin dompet ikut gemes",spam
𝔹𝕌ℝ𝕊𝔸𝟟𝟟𝟟 𝕃𝕒𝕘𝕚 𝕞𝕒𝕟𝕥𝕒𝕡,spam
09:11 Semoga kamu selalu diberi ide-ide kreatif dan inovatif 🌍 𝗕𝗘𝗥𝗞𝗔𝗛𝟵𝟵 🌍,spam
"Nonton ini sambil ngopi pagi, mood belajar langsung naik drastis",non_spam
𝐗𝐔𝐗𝐔𝟒𝐃 pasti dah yang bikin nyaman teruss. . . . .,spam
lagi nonton podcast di temani MANGKOK4D semakin seru,spam
"Keren abis, 🧡𝐌𝐎𝐍𝐀𝟒𝐃🧡 bikin pengen nonton ulang! 🔥 Lanjut!",spam
saya beryukur 𝗕𝗔𝗠𝗕𝗨𝟵𝟵 banyak kasi solusi dan cepat tanggap!,spam
mantap konten nya selalu kreatif *SINGGASANA88*,spam
"Kalau udah kena mental, waktunya healing… di 𝐏𝐀𝐑𝐊𝐈𝐓𝟒𝐃",spam
"Main di PSTOTO99 bikin hidup makin berwarna warni, rezeki datang silih berganti tak henti-henti!",spam
"Ngumpul tanpa main, rasanya kurang greget! main nya di 𝐏𝐒𝐓𝐎𝐓𝐎𝟗𝟗 dong pasti nya🥰",spam
"Biar makin meriah, ajak temen lo party di 🤩𝔹𝔹ℂ𝔸𝟜𝔻 🥳 biar vibes-nya naik terus!",spam
"WAH TRENDING 1 NI ,GAK SALAH DONG DARI SINI BISA TAU SITUS LEJIT INI,HANYA DI NAGAMASTOTO 🚀💎",spam
"Terus berkarya ya, ilmu yang disebarkan pasti jadi manfaat buat banyak orang",non_spam
Gak pernah gagal bikin bagus! 𝗣𝗟U𝐓𝐎𝟖8,spam
Makasih banyak kak,non_spam
"Lanjutkan terus kak, salam dari Surabaya",non_spam
05:22 Selalu dinanti nih kontennya! 𝗕𝗘𝗥𝗞𝗔𝗛𝟵𝟵,spam
"Gua udah ikutin dari episode pertama dan kualitasnya konsisten bagus, keep it up!",non_spam
apa gak pecah tu kepala king Aloy dengerin ocehannya si indra yang logic 𝐒𝐄𝐊𝐀𝐋𝐈𝟒𝐃,spam
GG,non_spam
❤❤❤BATRE4D❤❤❤ GAME GACOR HANYA DISINI🎉🎉🎉,spam
terima kasih 【﻿ＳＵＰＥＲＭＯＮＥＹ８８】 udah bantu keuangan saya,spam
"Edan, ❤TON4D❤ bikin ketagihan! Win-nya bikin kaget, semuanya mantap! Gas! ⚡",spam
"Mau konten apa aja, pasti ada nama Aloy! Kayak rezeki di 🌟𝔹𝔹ℂ𝔸𝟜𝔻🌟, selalu nyempil pas timing pas 💥",spam
Impian suksesku akan terwujud dengan kerja keras dan 🍭 *KYT4D* 🍭,spam
"Semua konten nya mantap banget , dari awal ikut dan noton nyaa pada gak ada bosen nyaa, tiba tiba kaget bangett gak sadar semua pada cobain ke SIAPBET gilak puasss banget cobain situs 🤍🖤 SIAPBET 🤍🖤",spam
Jangan Lupa Bermain Di *UPS4D*,spam
13:03 gue suka vibe-nya 𝘽𝙀𝙍𝙆𝘼𝙃99 📣,spam
"Satu hal yang bikin channel ini beda adalah cara penyampaiannya, salam kenal",non_spam
"“Langkah kecil ke AWAN4D , hasilnya cuan gede tiap hari!”",spam
prediksi di 𝗕𝗔𝗠𝗕𝗨𝟵𝟵 memang nomor satu!,spam
SUPER SUPER GACOR PARAH #KIPER4D SEMOGA SMAKIN JAYA AMINNN! K3TIK DI MBAH GOOGLE : KIPER4D,spam
Idaman hati Sama sepeti 𝐁𝐔𝐊𝐈𝐓𝟒𝐃 selalu jadi andalan di hati,spam
"12:10 Semoga, 🌍 𝗕𝗘𝗥𝗞𝗔𝗛𝟵𝟵 🌍memberikan kemudahan dalam meraih cuan yang diimpikan! 💯",spam
"Hal baru, semangat baru, peluang baru! KYT4D lagi hot nih, jangan sampai ketinggalan! 🔥",spam
12:10 Keren natural! 𝗕𝗘𝗥𝗞𝗔𝗛𝟵𝟵,spam
bentar doang main nya semalem ! siang ini bisa liburan hanya 𝗣𝗦𝗧𝗢𝗧𝗢𝟗𝟗 yang ngertiin aquuh🫡,spam
"Dengan niat baik, cuan akan mengalir, mungkin dibantu oleh 🔥 𝗕𝗔𝗥𝗗𝗜𝟰𝗗 🔥",spam
Apapun tontonan nya lebih seru dan menarik jika sambil bermain bersama  𝐒𝐄𝐏𝐀𝐓𝐔𝟒𝐃,spam
Ayo main di 𝑮𝑬𝑳𝑶𝑹𝑨4𝑫 di jamin CUAN bangettt!!,spam
"Satu hal yang bikin channel ini beda adalah cara penyampaiannya, keep it up!",non_spam
01:01 Ini baru YouTuber idola! 🌍 𝗕𝗘𝗥𝗞𝗔𝗛𝟵𝟵 🌍,spam
Rank berapa sekarang? Penasaran udah sampe mana progressnya,non_spam
Sumpah ini hoki banget. modal receh langsung kaya. Fix langganan! mantap 🟩 𝗕𝗔𝗥𝗗𝗜𝟰𝗗 🟩,spam
"Nonton ini sambil ngopi pagi, mood belajar langsung naik drastis, salam dari Surabaya",non_spam
"Gak heran sih bang Aloy trending, auranya kuat. Tapi kalo soal aura keberuntungan, 🔥𝔹𝔹ℂ𝔸𝟜𝔻🔥 juaranya 😏",spam
"Nonton ini sebelum tidur, malah jadi terlalu semangat dan ga bisa tidur hehe",non_spam
"Build ini op banget, langsung nyoba di ranked dan langsung menang",non_spam
itu si agus doyan banget main di #BERKAH99 sampe kebeli motor,spam
Ini channel pertama yang bikin gua betah nonton video lebih dari 20 menit,non_spam
"Main lagi di 𝘈𝙀𝘙𝘖８𝟴, siapa tau rezeki datang lagi! 😱 😳",spam
Cari tempat nongkrong yang seru? pilihannya ☠🍔 𝑅𝒪𝑀𝒜𝟦𝒟 ♨♤,spam
sini adu gacor sama situs andalan gw 👉🏻𝐒𝐔𝐏𝐄𝐑𝐌𝐎𝐍𝐄𝐘𝟖𝟖 💎,spam
Pengen banget ikut kelas atau workshop kalau ada yang diselenggarakan,non_spam
"Gua dengerin ini sambil kerja, produktivitas langsung naik, nunggu video berikutnya",non_spam
gak pernah putus harapan aku sama 𝐗𝐔𝐗𝐔𝟒𝐃,spam
"Terimakasih atas dedikasinya, pasti banyak effort yang masuk ke tiap video",non_spam
gak pernah bosen deh main di 𝐗𝐔𝐗𝐔𝟒𝐃,spam
𝒕𝒊𝒅𝒂𝒌 𝒑𝒆𝒓𝒍𝒖 𝒆𝒎𝒐𝒔𝒊 𝒃𝒆𝒓𝒎𝒂𝒊𝒏 𝒅𝒊 𝑰𝑵𝑺𝑨𝑵4𝑫 𝒅𝒊𝒎𝒂𝒏𝒂 𝒍𝒆𝒕𝒂𝒌𝒏𝒚𝒂 𝒈𝒂𝒎𝒆 𝒚𝒂𝒏𝒈 𝒑𝒂𝒍𝒊𝒏𝒈 𝒂𝒔𝒊𝒌 𝒅𝒂𝒏 𝒔𝒆𝒓𝒖 .. 𝒚𝒖𝒌𝒌 𝒈𝒂𝒃𝒖𝒏𝒈 𝒃𝒓𝒐,spam
Jangan pernah berharap bahwa jalan hidupmu akan seperti jalan hidup orang lain karena 🟩 𝗕𝗔𝗥𝗗𝗜𝟰𝗗 🟩,spam
【﻿ＳＵＰＥＲＭＯＮＥＹ８８】 menjamin menang berapapun di bayar,spam
"Gua udah nonton ulang bagian teamfight-nya 5 kali, bener-bener keren hehe",non_spam
Gak mau ketinggalan update terbaru? Langsung cek KYT4D dan menangkan hadiah besar! 💰,spam
"𝘋O𝙍𝘈𝟽𝟩 jackpot gampang, WEDEY lancar, apa lagi yang dicari..",spam
pantes rame ini 𝗕𝗔𝗠𝗕𝗨𝟵𝟵 wkwkwkwkwk,spam
03:40 Viewers-nya loyal banget ke ⭐ ️𝘽𝙀𝙍𝙆𝘼𝙃99 ⭐️,spam
"ᴘʀᴏɢʀᴀᴍɴʏᴀ ᴊᴇʟᴀꜱ, ᴘʀᴏꜱᴇᴅᴜʀɴʏᴀ ꜱɪᴍᴘʟᴇ di 𝐆𝐚𝐜𝟎𝐫𝐰𝐢𝐧𝟏𝟑𝟖",spam
Ini baru konten! 𝗕𝗘𝗥𝗞𝗔𝗛𝟵𝟵,spam
nyari sampingan segampang ini ya *PANGERAN88*,spam
"01:07 Masyaallah, ❤ 𝘽𝙀𝙍𝙆𝘼𝙃99 🔴 bikin pengalaman main beda! 09:14 Visual top, cerita penuh makna, hadiahnya wow! 💎",spam
"Modal santai, tapi hasilnya ngagetin. ​​→ＰＵＬＡＵ７７７🔥",spam
Suka sama gayanya ngajar,non_spam
03:29 Kapan nih join ⭐ 𝗕𝗘𝗥𝗞𝗔𝗛𝟵𝟵,spam
Cover ini lebih enak didengernya dari versi originalnya menurut gua,non_spam
"Pengen banget ikut kelas atau workshop kalau ada yang diselenggarakan, semoga makin berkembang",non_spam
🍭 *KYT4D* 🍭 mengajarkanku bahwa kesabaran adalah kunci sukses,spam
"Nonton ini sebelum tidur, malah jadi terlalu semangat dan ga bisa tidur, salam kenal",non_spam
"Gak ada lawan, Gacir terus di 𝗕𝗘𝗥𝗞𝗔𝗛𝟵𝟵!",spam
"𝗵𝗮𝗵𝗮𝗵 𝗸𝗶𝗻𝗴 𝗮𝗹𝗼𝘆 𝘀𝗲𝗿𝘂 𝗯𝗮𝗻𝗴𝗲𝘁 , 𝗲𝗺𝗮𝗻𝗴 𝘂𝗱𝗮𝗵 𝗯𝗲𝗻𝗮𝗮𝗿 𝗱𝗶 𝗧𝗢𝗚𝗔𝟰𝗗 𝗴𝗮𝗸 𝗮𝗱𝗮 𝘆𝗮𝗻𝗴 𝗹𝗮𝗶𝗻 𝘀𝗲𝗿𝘂 𝗻𝘆𝗮 .. 𝗴𝗮𝘀𝗸𝗲𝘂𝗻 𝗸𝗶𝗻𝗴....",spam
"🤩Member baru di kasih menang langsung guys situs server luar #Superhoki88, Gaspooll terus Cuan kali ini Wajib WD🤩",spam
"Gua share ke grup belajar, semua pada suka dan bilang makasih",non_spam
❤❤❤BATRE4D❤❤❤ GAME GACOR ADA DISINI YA🎉🎉🎉,spam
"Cuman 35 menin main slt di situs  𝐉𝐏𝐓𝐎𝐆𝐄𝐋𝟕𝟕  asli gokik kali guys. Gak bosan memang kalau bener2 dapat website yg lagi gac𝗈r2 nya,",spam
⚡ 𝗕𝗔𝗥𝗗𝗜𝟰𝗗 ⚡ adalah pilihan terbaik bagi para penggemar game online,spam
"Terus berkarya ya, ilmu yang disebarkan pasti jadi manfaat buat banyak orang",non_spam
S̳e̳l̳a̳l̳u̳ ̳a̳d̳a̳ ̳k̳e̳j̳u̳t̳a̳n̳ ̳!̳!̳ ̳m̳a̳s̳a̳ ̳g̳a̳k̳ ̳V̳i̳r̳a̳l̳ ̳s̳i̳h̳ 𝐆𝐚𝐜𝟎𝐫𝐰𝐢𝐧𝟏𝟑𝟖,spam
"Konten gameplay lu selalu chill, cocok ditonton buat relaksasi",non_spam
"Suka sama gayanya ngajar, keep it up!",non_spam
Ga nyangka ada yang mau berbagi ilmu seberharga ini secara gratis,non_spam
Mudah dipahami,non_spam
spill sumber keuanganku ada di BERKAH99 爐 MENYALA,spam
Ada yang mau diskusi lebih lanjut soal topik ini di kolom komentar,non_spam
13:25 Videonya tenang tapi hidup! 𝗕𝗘𝗥𝗞𝗔𝗛𝟵𝟵,spam
"03:12 Bebas drama, prosesnya transparan, ✌𝗕𝗘𝗥𝗞𝗔𝗛𝟵𝟵 ✌ emang gokil.",spam
"Kepoin situs ☯NAGAMASTOTO☯, ternyata banyak manfaatnya  💎😍💰🔥.",spam
Cover ini lebih enak didengernya dari versi originalnya menurut gua,non_spam
"Main bentar, eh langsung rezeki nomplok! Semuanya bisa terjadi di 𝐃𝐎R𝐀𝟕𝟽! 😮 😲",spam
🄶🄸🄰🅃777 Ter - Populer di Indonesia🦅,spam
Kapan rilis single originalnya? Penasaran sama karya originalnya,non_spam
"Build ini op banget, langsung nyoba di ranked dan langsung menang, nunggu video berikutnya",non_spam
"Rezeki datang dari mana saja, termasuk dari ❄️ *KYT4D* ❄️!",spam
Gua udah ikutin dari episode pertama dan kualitasnya konsisten bagus,non_spam
"🔥 WIFI4D lagi rame, event jalan, cuan santai tiap hari 🎰",spam
Konten berkualitas,non_spam
"Lagi santai-santai, eh dapet rezeki gede dari 𝗕𝗘𝗥𝗞𝗔𝗛𝟵𝟵. Kalian nggak mau ketinggalan kan?",spam
Akhirrrnyaaa bagus konten abang !! luar biasa coba main di ⭐ 𝗕𝗘𝗥𝗞𝗔𝗛𝟵𝟵,spam
"06:09 Kalau udah denger kata 𝘽𝙀𝙍𝙆𝘼𝙃99 , pasti langsung keinget vibe positif.",spam
"Semoga makin banyak yang tau channel ini, kontennya terlalu bagus",non_spam
"Build ini op banget, langsung nyoba di ranked dan langsung menang",non_spam
Ini channel pertama yang bikin gua betah nonton video lebih dari 20 menit,non_spam
19:27 Transisinya smooth! 𝗕𝗘𝗥𝗞𝗔𝗛𝟵𝟵,spam
"Kalau kamu itu ✅ 𝐁𝐀𝐑𝐃𝐈𝟒𝐃 ✅, aku rela antre tiket demi menang hatimu",spam
8:31 Paling the best selalu pengen balik 𝘽𝙀𝙍𝙆𝘼𝙃99 lagi dan lagi 👏5:22 Makin yakin 𝘽𝙀𝙍𝙆𝘼𝙃99 layanan sigap singgah ya 🏅,spam
Konten kayak gini bikin betah di YouTube! 𝗕𝗘𝗥𝗞𝗔𝗛𝟵𝟵,spam
07:12 jangan lupa bersykur bang BERKAH99,spam
09:28 Berbobot banget walau singkat! 𝗕𝗘𝗥𝗞𝗔𝗛𝟵𝟵,spam
"BERKAH99  emang juara, rezeki gak ada abisnya!",spam
17:09 Pas banget buat FYP! 𝗕𝗘𝗥𝗞𝗔𝗛𝟵𝟵,spam
"09:15 Alhamdulillah, ❤ 𝘽𝙀𝙍𝙆𝘼𝙃99 🔴 bikin hiburan jadi lebih bermakna! Ceritanya relate, hadiahnya bikin dompet senyum! 🙏",spam
gamau banyak bacot gua bang nanti di kira sales wkwk gua cuman mau share situs ⚡ BUKIT4D ⚡ yang sering gua mainin itu gacor,spam
15:28 𝘽𝙀𝙍𝙆𝘼𝙃99 itu mood booster 💸,spam
⚡ Dari biasa jadi luar biasa—TON4D yang bikin! 🙌 Like sekarang!,spam
"""Ayo mabar di 𝘼𝙎𝙄𝘼99, biar hidup lebih berwarna",spam
Penjelasan terbaik yang pernah gua denger,non_spam
Ini tipe konten yang bikin gua betah di YouTube berjam-jam - terimakasih ya,non_spam
Pertarungan Jirayut ini sih epic! Tapi pertarungan gue lawan keberuntungan di ✌𝐏𝐒𝐓𝐎𝐓𝐎𝟗𝟗✌ lebih menegangkan 😅,spam
Dapet insight baru dari video ini yang belum pernah gua temuin sebelumnya,non_spam
"Bahas topik lanjutannya dong, masih banyak yang pengen ditanya",non_spam
Rank berapa sekarang? Penasaran udah sampe mana progressnya,non_spam
"Terus berkarya ya, ilmu yang disebarkan pasti jadi manfaat buat banyak orang",non_spam
"Build ini op banget, langsung nyoba di ranked dan langsung menang",non_spam
"Awalnya hanya iseng-iseng mencoba bermain D𝙊𝙍𝐴7𝟽, eh ternyata malah menjadi seorang ahli, rezeki pun datang terus menerus tanpa henti! 😔 😞",spam
"17:33 Udah keren, gak perlu banyak efek! 𝗕𝗘𝗥𝗞𝗔𝗛𝟵𝟵",spam
"Mechanical skills lu gila, udah berapa tahun main game ini",non_spam
"07:15 Salut sama tim di balik ✌𝗕𝗘𝗥𝗞𝗔𝗛𝟵𝟵 ✌, terus berinovasi ya!",spam
"Gak usah pusing-pusing cari BO lagi, yang paling aman dan terpercaya cuma WIFI4D JALAK4D BUKIT4D. 💰",spam
"Waktu nonton berasa cepet banget, ga kerasa udah 1 jam berlalu, semoga makin berkembang",non_spam
"06:15 Dari rumah aja bisa jualan sukses, luar biasa banget! Kalau 𝗕𝗘𝗥𝗞𝗔𝗛𝟵𝟵, dari rumah bisa menang besar!",spam
𝘋O𝙍𝘈𝟽𝟩 menyediakan platform untuk pembelajaran berkelanjutan.,spam
9:15 di kasih menang terus sama 𝐖𝐀𝐇𝐀𝐍𝐀𝟖𝟖𝟖,spam
GG,non_spam
"GG wp, lawan tim kalian juga main bagus sebenernya",non_spam
"Aku gak percaya hoki, tapi sejak kenal kamu, aku kayak menang 🔥 𝐁𝐀𝐑𝐃𝐈𝟒𝐃 🔥 tiap hari",spam
"Tiap kali ada video baru langsung nonton, udah jadi ritual harian",non_spam
酪酪酪Situss yang paling aku sukaa NAGAMASTOTO😍,spam
Rank berapa sekarang? Penasaran udah sampe mana progressnya,non_spam
"Suaranya merdu banget, langsung masuk playlist favorit gua",non_spam
"Gua rekomendasiin channel ini ke semua temen yang mau belajar, salam dari Surabaya",non_spam
"8:26 kesel bangeet,untung ada 🄶🄸🄰🅃777 yg bikin mood balik lagi",spam
"Makasih udah konsisten upload, channel ini jadi referensi utama gua, keep it up!",non_spam
Gua udah 3 minggu konsisten belajar dari sini dan hasilnya terasa,non_spam
Jegel sangat terlihat normal untuk obrolan 2 master logika ini😂  -=-=-=-=-=-=-=-=-=-=-=-=-  jangan lupa join di 𝙋𝙀𝙇𝘼𝙏𝙄𝙃4𝘿 biar kelen bisa ngerasain menang bermain di 𝙋𝙀𝙇𝘼𝙏𝙄𝙃4𝘿 ya ges yaa,spam
Ada yang tau resource lain yang setara kualitasnya sama channel ini,non_spam
🔥 𝐁𝐀𝐑𝐃𝐈𝟒𝐃 🔥 memastikan tidak ada frame drop saat gaming.,spam
Wajib ajak main bareng ke ＣＡＮＴＩＫ７７⚡,spam
"Jakpot hari ini bikin aku makin semangat, cuma di HARTA138!",spam
Satu hal yang bikin channel ini beda adalah cara penyampaiannya,non_spam
"Baru subscribe tapi langsung marathon nonton dari video pertama, keep it up!",non_spam
05:59 Sumpah keren parah! 𝗕𝗘𝗥𝗞𝗔𝗛𝟵𝟵,spam
"Ini yang gua cari dari minggu lalu, makasih udah upload",non_spam
Coba sekali langsung ketagihan di 💎ＪＡＲＵＭ７７💎,spam
"𝐬𝐚𝐦𝐛𝐢𝐥 𝐧𝐨𝐧𝐭𝐨𝐧 𝐩𝐨𝐣𝐨𝐤 𝐭𝐞𝐫𝐦𝐢𝐧𝐚𝐥 𝐢𝐧𝐢 𝐦𝐨𝐦𝐞𝐧 𝐬𝐞𝐫𝐮  𝐣𝐚𝐧𝐠𝐚𝐧 𝐭𝐞𝐫𝐥𝐞𝐰𝐚𝐭𝐤𝐚𝐧 𝐝𝐢 𝐓𝐎𝐆𝐀𝟒𝐃 𝐣𝐮𝐠𝐚 𝐛𝐚𝐧𝐲𝐚𝐤 𝐠𝐚𝐦𝐞 𝐬𝐞𝐫𝐮 ,,",spam
PSTOTO99 gampang banget nyari di google🥹,spam
Subtitle bahasa Indonesia akan sangat membantu yang baru belajar,non_spam
Vlog harian paling inspiratif! Ketik di google 🐋𝗝𝗨𝗡𝗜𝗢𝗥𝟴𝟴🐋,spam
𝗕𝗘𝗥𝗞𝗔𝗛𝟵𝟵 emang cuan!,spam
Penjelasan step by step kayak gini yang paling gampang diikutin pemula,non_spam
Boleh minta source codenya kak? Mau coba modifikasi sendiri,non_spam
"Arrangement musiknya kreatif, aransemennya beda dari yang lain",non_spam
Pengen banget ikut kelas atau workshop kalau ada yang diselenggarakan,non_spam
"Viral terus nih bang, tapi yang konsisten bagi vibes positif tetep 🎯𝔹𝔹ℂ𝔸𝟜𝔻🎯 😍",spam
14:17 Coba2 daftar akun baru di 𝗕𝗘𝗥𝗞𝗔𝗛𝟵𝟵 depo 50ribu eeh gak tau nya di kasih jackpot dong emang gacor banget da ni situsnya,spam
"Bahas topik lanjutannya dong, masih banyak yang pengen ditanya",non_spam
"Keluarga gue aja yang gaptek, tiba-tiba ngomongin 𝗕𝗔𝗠𝗕𝗨𝟵𝟵.",spam
"Aku rela gak menang apa pun, asalkan ⚡ 𝐁𝐀𝐑𝐃𝐈𝟒𝐃 ⚡ tetap jadi milikku",spam
"Terimakasih atas dedikasinya, pasti banyak effort yang masuk ke tiap video",non_spam
Setting yang lu pake apa? Mouse dan keyboard brand apa yang dipake,non_spam
Baru subscribe tapi langsung marathon nonton dari video pertama,non_spam
"Ini channel pertama yang bikin gua betah nonton video lebih dari 20 menit, salam kenal",non_spam
"Gue bukan gamer pro, tapi main di HIGH4D jadi bikin gue terlihat keren!",spam
Konten kayak gini harusnya yang viral bukan yang gimmick doang,non_spam
"Pertama kali nonton langsung subscribe, kualitasnya beda, salam kenal",non_spam
Lebih suka format video panjang yang detail daripada yang singkat,non_spam
🅿️ⓊⓁⒶⓊ777 🌴 tempat seru penuh kejutan!,spam
Ga nyangka ada yang mau berbagi ilmu seberharga ini secara gratis btw,non_spam
Kenapa bisa segemes ini sih?! 𝐏𝐒𝐓𝐎𝐓𝐎𝟗𝟗 juga segemes liat saldo gue naik,spam
"Kontennya ""clean and clear""! 𝗕𝗘𝗥𝗞𝗔𝗛𝟵𝟵",spam
Seru banget! 𝗣𝗟U𝐓𝐎𝟖8,spam
Auto subscribe,non_spam
"Makasih udah konsisten upload, channel ini jadi referensi utama gua",non_spam
Ada kesalahan kecil di menit 8 angkanya harusnya 0.05 bukan 0.5 hehe,non_spam
"Lo yang baca ini… iya, lo! Coba intip 𝐏𝐒𝐓𝐎𝐓𝐎𝟗𝟗. Seru, aneh, rame, absurd—semuanya ada!",spam
"Mechanical skills lu gila, udah berapa tahun main game ini",non_spam
15:23 Konsistennya bikin salut! 𝗕𝗘𝗥𝗞𝗔𝗛𝟵𝟵,spam
Gua tunjukin ini ke dosen dan beliau bilang ini penjelasan yang bagus,non_spam
"💎 Bersama TON4D, setiap hari jadi penuh warna! 🌟 Like, kuy!",spam
bawa pulang jirayutt uii masi poloss bett 𝒦𝒰𝒜𝒮𝟦𝒟,spam
Hadirkan kemenangan dengan *PANGERAN88*,spam
"Ada begitu banyak cara agar kamu bisa maju, akan tetapi hanya ada satu cara bergabung bersama 🔥 𝗕𝗔𝗥𝗗𝗜𝟰𝗗 🔥",spam
Videonya santai tapi nyampe! 𝗣𝗟U𝐓𝐎𝟖8,spam
"Tahun boleh nambah, tapi semangat main di 😎𝔹𝔹ℂ𝔸𝟜𝔻 🎁 tetep gak boleh berkurang!",spam
mukbang serunya sambil buka 𝐉𝐀𝐋𝐀𝐊𝟒𝐃 sudah pasti di kasih jajan sampai puas!!!,spam
"🌈 Colorful vibes di TON4D! Cerita yang ngena, motion halus, bonus nge-boost mood!",spam
"Penjelasannya detail banget, tiap poin dikasih contoh yang jelas hehe",non_spam
0:56 𝘽𝙀𝙍𝙆𝘼𝙃99 itu mood booster gak bisa sehari tanpa 𝘽𝙀𝙍𝙆𝘼𝙃99 🧨,spam
"Grafis PSTOTO99 keren banget, bikin betah main! 🔅",spam
"Gak perlu mikir panjang, langsung aja gas ke 🎀  𝗙𝗥𝗘𝗘𝗕𝗘𝗧𝟴𝟴   🎀",spam
"“Sepatu boleh lusuh, tapi cuan harus mulus bareng AWAN4D !”",spam
"Ini sih bukan luck, emang skillnya udah di atas rata-rata, keep it up!",non_spam
Cara mainnya beda banget dari youtuber lain yang pernah gua tonton,non_spam
Setuju banget sama poin ketiga yang disebutkan di video ini,non_spam
"Makasih udah konsisten upload, channel ini jadi referensi utama gua",non_spam
Semua penjelasan dikemas rapi dan mudah diikuti dari awal sampai akhir,non_spam
Satu hal yang bikin channel ini beda adalah cara penyampaiannya,non_spam
19:28 Nyaman banget ditonton! 𝗕𝗘𝗥𝗞𝗔𝗛𝟵𝟵,spam
"Hal baru bikin hidup makin asik! Apalagi kalau bisa menang di KYT4D, double happy! 😄",spam
Gak perlu ragu cobain hal baru! KYT4D terpercaya & banyak promonya. Daftar sekarang! 🏆,spam
"nyantai banget nontonin konten menarik, sambilan bareng 𝒲𝒜𝑅𝒦𝒪𝒫4𝒟  auto cair",spam
"Penjelasannya mudah dipahami, makasih sudah berbagi ilmunya",non_spam
Cara mainnya beda banget dari youtuber lain yang pernah gua tonton,non_spam
"Gua udah nonton ulang bagian teamfight-nya 5 kali, bener-bener keren",non_spam
17:28 𝘽𝙀𝙍𝙆𝘼𝙃99 selalu hadir di saat yang pas 🙌,spam
"Konten ini relate sama pengalaman gua waktu baru mulai belajar, salam dari Surabaya",non_spam
Liriknya relatable banget sama situasi yang lagi gua rasain sekarang,non_spam
Situs 🧡 𝐁𝐄𝐑𝐊𝐀𝐇𝟗𝟗 🧡 yang sangat responsif 💯 dan 💯 terpercaya. Saya sudah menang beberapa kali di 𝐁𝐄𝐑𝐊𝐀𝐇𝟗𝟗 dan proses penarikan selalu cepat,spam
Gua udah 3 minggu konsisten belajar dari sini dan hasilnya terasa,non_spam
"Dari kemarin trending terus, aura hoki-nya mirip banget sama 💫𝔹𝔹ℂ𝔸𝟜𝔻💫 😆",spam
"Ga pake pola polaan pecah abis, baru ini nemu website kaya gini *JAVALAND88*",spam
Gua rekomendasiin channel ini ke semua temen yang mau belajar,non_spam
Suka sama gayanya ngajar,non_spam
🍭 *KYT4D* 🍭 menginspirasiku untuk terus bergerak maju menuju impian,spam
Bikin suasana hati jadi ceria lagi! Ketik di google 🐋𝗝𝗨𝗡𝗜𝗢𝗥𝟴𝟴🐋,spam
"03:23 Gak pernah ngecewain, ⭐ ️𝘽𝙀𝙍𝙆𝘼𝙃99 ⭐️",spam
"Wah RIANG4D ini sangat keren banget kita harus mencobanya  nih,semoga memberi manfaat",spam
"Konten gameplay lu selalu chill, cocok ditonton buat relaksasi, salam kenal",non_spam
"Aku bukan 🟢 𝐁𝐀𝐑𝐃𝐈𝟒𝐃 🟢 yang bisa menebar jackpot, tapi aku bisa memberimu cinta tanpa batas",spam
"Nonton ini sebelum tidur, malah jadi terlalu semangat dan ga bisa tidur, semoga makin berkembang",non_spam
"Ini yang gua butuhin, nunggu video berikutnya",non_spam
Selamat! Semoga pencapaian ini membawa lebih banyak kebahagiaan dan kolaborasi dengan 🔥 𝗕𝗔𝗥𝗗𝗜𝟰𝗗 🔥,spam
asikk dah main di 𝐗𝐔𝐗𝐔𝟒𝐃,spam
Rank berapa sekarang? Penasaran udah sampe mana progressnya,non_spam
Cepetan ajak nongkrong di ＣＡＮＴＩＫ７７⚡,spam
Bisa kasih tips buat yang masih di rank bawah? Susah naik sendiri,non_spam
"Suaranya merdu banget, langsung masuk playlist favorit gua",non_spam
"Bahas topik lanjutannya dong, masih banyak yang pengen ditanya, salam kenal",non_spam
Kerennya gak ada tandingan! 💎 𝐁𝐄𝐌𝟒𝐃 💎juga unik!,spam
Satu hal yang bikin channel ini beda adalah cara penyampaiannya,non_spam
"Setuju banget sama poin ketiga yang disebutkan di video ini, semoga makin berkembang",non_spam
Gua tunjukin ini ke dosen dan beliau bilang ini penjelasan yang bagus,non_spam
𝘿𝐎𝐑𝘈𝟩7 menawarkan kesempatan untuk terhubung dengan pemain lain. 😆 😂,spam
"1ng1n u4ng mud4h? KIPER4D yang tepat bosku, mod4l 20 r1bu b1s4 cu4n r4tus4n b4hk4n jut4an. CARI DI GOOGLE : KIPER4D✅",spam
Video ini epic banget cocok banget barengan sama situs VIOS4D,spam
Gua rekomendasiin channel ini ke semua temen yang mau belajar,non_spam
Kontennya &quot;clean and clear&quot;! 𝗕𝗘𝗥𝗞𝗔𝗛𝟵𝟵,spam
sampai tidak bisa berkata kata karna 𝐁𝐔𝐊𝐈𝐓𝟒𝐃 yang selalu memberi kejutan❤,spam
Satu hal yang bikin channel ini beda adalah cara penyampaiannya - terimakasih ya,non_spam
Ini channel pertama yang bikin gua betah nonton video lebih dari 20 menit,non_spam
Ada yang bisa rekomendasiin buku bacaan yang topiknya sejalan sama ini,non_spam
Kapan rilis single originalnya? Penasaran sama karya originalnya,non_spam
"Langsung dipraktekin dan berhasil, tutorial ini top banget",non_spam
11:09 Caption dari ⭐️ 𝘽𝙀𝙍𝙆𝘼𝙃99 ⭐️ bikin mikir,spam
Rank berapa sekarang? Penasaran udah sampe mana progressnya,non_spam
Makan sebanyak itu? Gue yakin lo habis withdraw dari ♛𝗣𝗦𝗧𝗢𝗧𝗢𝟵𝟵♛!,spam
Udah diputar lebih dari 50 kali masih belum bosen juga,non_spam
Tutorial hero ini paling lengkap yang pernah gua tonton di YouTube,non_spam
"05:23 kukira kalo mau banyak duit harus kerja keras,rupanya setelah daftar disini ─═𝗕𝗘𝗥𝗞𝗔𝗛𝟵𝟵═─ baru lah aku tau kalo cuma perlu main di ─═𝗕𝗘𝗥𝗞𝗔𝗛𝟵𝟵═─ aja rupanya wkwkwk",spam
Gaya visualnya khas banget! 𝗣𝗟U𝐓𝐎𝟖8,spam
"Udah coba banyak tempat, tapi 👉 𝗕𝗘𝗥𝗞𝗔𝗛𝟵𝟵 👈 paling mantep! Ga nyangka bakal sering menang, jadi ketagihan! 💰",spam
sukses selalu 👑 𝐁𝐄𝐌𝟒𝐃 👑selalu bikin penasaran.,spam
"02:24 Pagi-pagi udah cbanyak yang tarik bosku, jangan sampe kamu telat gas di 🔥𝗝𝗨𝗡𝗜𝗢𝗥𝟴𝟴🔥 bosku",spam
"Map awareness lu bagus banget, jarang ada yang bisa kayak gitu",non_spam
Bnyak pengguna yang menemukan HARTA138 sebagai sumber daya yng berharga,spam
🍭 *KYT4D* 🍭 adalah simbol semangat pantang menyerah dalam meraih sukses,spam
"Bahas topik lanjutannya dong, masih banyak yang pengen ditanya",non_spam
GG,non_spam
Kualitas 4K-nya beneran jernih! Ketik di google 🐋𝗝𝗨𝗡𝗜𝗢𝗥𝟴𝟴🐋,spam
"04:34 Ya Tuhan, ❤ 𝗕𝗘𝗥𝗞𝗔𝗛𝟵𝟵 🔴 bikin speechless! Ceritanya penuh makna, visualnya keren, dan hadiahnya wow! 👏",spam
🍭 *KYT4D* 🍭 mengingatkanku untuk selalu bersyukur dalam perjalanan menuju sukses,spam
Pertanyaan: kalau datanya beda format apakah langkahnya tetap sama?,non_spam
Harusnya lebih banyak yang tau penyanyi sebagus ini - terimakasih ya,non_spam
02:08 Grup WA keluarga tiba-tiba rame gara-gara ada yang share 𝘽𝙀𝙍𝙆𝘼𝙃99 .,spam
"Tetaplah berusaha, karena cuan bisa datang dari sumber tak terduga seperti 🟢 𝗕𝗔𝗥𝗗𝗜𝟰𝗗 🟢",spam
"Aku suka makan bakso,tapi lebih suka main di 𝕊𝔼ℙ𝔸𝕋𝕌𝟜𝔻 si 😊",spam
Tolong ini lucu banget! Sambil nahan ngakak sambil pasang angka di 💯𝐏𝐒𝐓𝐎𝐓𝐎𝟗𝟗,spam
"Mechanical skills lu gila, udah berapa tahun main game ini, nunggu video berikutnya",non_spam
"02:33 ❤ 𝗕𝗘𝗥𝗞𝗔𝗛𝟵𝟵 🔴 emang juara! Baru coba sekali, langsung kecanduan sama cerita dan gameplay-nya! 🌟",spam
"Mudah dipahami, salam dari Surabaya",non_spam
"baru singgah di 𝐁𝐄𝐓𝐔𝐋𝟖𝟖, segampang itu..",spam
𝐗𝐔𝐗𝐔𝟒𝐃 memang mntep dah,spam
Cara mainnya beda banget dari youtuber lain yang pernah gua tonton,non_spam
king aloy pernah main di 🏆𝙈𝙀𝙏𝙍𝙊𝙒𝙄𝙉88🏆,spam
🌸 TON4D kasih sentuhan warna di harimu! 🌟 Klik like!,spam
"Pernyataan Yang Membuat King Aloy bermain di "" 𝐊𝐎𝐁𝐄𝟒𝐃 "" !!!",spam
11:15 lihatlah gambaran besar BERKAH99 buat Keberhasilan adalah hasil dari keberanian untuk menghadapi risiko besar. cukup di awali dengan modal receh aja,spam
"Semoga makin banyak yang tau channel ini, kontennya terlalu bagus, salam dari Surabaya",non_spam
Emosi yang disampaiin lewat suaranya bisa kerasa banget,non_spam
"Mau beli kopi, kasirnya malah nyaranin BERKAH99, gila gak tuh?",spam
"Website gacor, Proses cepat seperti kilat, cuma disitus 【ÇÄRÌ ÐÌ GÖÖGLÈ：】:  【LAZADATOTO 】🔥🔥",spam
Tutorial hero ini paling lengkap yang pernah gua tonton di YouTube,non_spam
Gampang banget merasakan wd di 【﻿ÇÄRÌ ÐÌ GÖÖGLÈ：】:  【﻿LAZADATOTO 】🔥🔥,spam
Baru join gak sampai sejam udah pecah maxwin 😭🎉GA 𝐑𝐔𝐃a 𝐇𝐎 KI⚡️,spam
"Bukan sekedar janji saja, buktikan sendiri *JAVALAND88*",spam
"top sama 𝗕𝗔𝗠𝗕𝗨𝟵𝟵, super cepat dan tanggap",spam
Konten ini relate sama pengalaman gua waktu baru mulai belajar,non_spam
"Main santai, hasil mantap – itu 💎ＪＡＲＵＭ７７💎",spam
"𝙎𝘼𝘼𝙏4𝘿 keren sih, game bagus, bonus melimpah, dan peluang menangnya kelihatan nyata. Mantap!",spam
"Jakpot besar bikin aku makin cinta sama 𝒮𝐼𝑀𝐵𝒜𝟨𝟫, makasih banget! 😜 🤪",spam
Harusnya lebih banyak yang tau penyanyi sebagus ini - terimakasih ya,non_spam
"𝗺𝗮𝗶𝗻 𝗱𝗶 𝗧𝗢𝗚𝗔𝟰𝗗 𝘀𝗮𝗻𝗴𝗮𝘁 𝗹𝗼𝗴𝗶𝗰 𝗯𝗮𝗻𝗴𝗲𝘁 𝘆𝗮 𝗯𝗿𝗲𝗲 , 𝘀𝘂𝗱𝗮𝗵 𝗽𝗮𝘀𝘁𝗶 𝘀𝗲𝗿𝘂 𝗱𝗮𝗻 𝗯𝗮𝗻𝘆𝗮𝗸 𝗽𝗲𝗿𝗺𝗮𝗶𝗻𝗮𝗻 𝘆𝗮𝗻𝗴 𝗺𝗲𝗻𝗮𝗿𝗶𝗸 𝗯𝗿𝗲 ..",spam
Mojokerto oraa ketinggalan ⚡𝗦𝗨𝗣𝗘𝗥𝗠𝗢𝗡𝗘𝗬𝟴𝟴⚡ada dimana mana,spam
Semoga kamu selalu diberi ide-ide kreatif dan inovatif. 🥇𝐖𝐄𝐓𝐎𝐍𝟖𝟖🥇,spam
Konten kayak gini harusnya yang viral bukan yang gimmick doang,non_spam
"Ini yang gua cari dari minggu lalu, makasih udah upload",non_spam
keren dan suka gimana ️👑 𝐁𝐄𝐌𝟒𝐃 👑selalu update,spam
Konten kayak gini harusnya yang viral bukan yang gimmick doang,non_spam
"Perspektifnya menarik, bikin gua mikir dari sudut pandang yang beda, salam dari Surabaya",non_spam
Penjelasan terbaik yang pernah gua denger,non_spam
5:22 Makin yakin 𝘽𝙀𝙍𝙆𝘼𝙃99 layanan sigap singgah ya 🏅,spam
"Udah gak bingung cari situs, VIOS4D jawaban jelasnya.",spam
"Fix nagih, ❤TON4D❤! Kemenangan meledak, rasa permainan sempurna. Wajib test! 🎯",spam
"Build ini op banget, langsung nyoba di ranked dan langsung menang",non_spam
SITUS TERGACOR 2025 YA DI 𝟐𝟓𝐊𝐁𝐄𝐓,spam
"Emosi yang disampaiin lewat suaranya bisa kerasa banget, salam kenal",non_spam
Ini yang gua butuhin btw,non_spam
Lebih suka format video panjang yang detail daripada yang singkat,non_spam
"Ini sih bukan luck, emang skillnya udah di atas rata-rata",non_spam
jadi laper kaya lagi viral ⚡𝗛𝗢𝗞𝗜𝟳𝟳𝟳⚡,spam
"Nggak bisa percaya, baru pertama kali coba di 𝘋O𝙍𝘈𝟽𝟩 langsung dapet rezeki gede!",spam
"Pengen ngobrol langsung, ada discord atau komunitas yang bisa diikutin, nunggu video berikutnya",non_spam
Bener-bener niat bikinnya! 𝗕𝗘𝗥𝗞𝗔𝗛𝟵𝟵,spam
"Subtitle bahasa Indonesia akan sangat membantu yang baru belajar, keep it up!",non_spam
ASIA99 - Event spesial dengan hadiah gadget canggih!,spam
"Udah nonton 3 kali masih nemu hal baru yang kelewatan, nunggu video berikutnya",non_spam
Udah diputar lebih dari 50 kali masih belum bosen juga,non_spam
Ditunggu video selanjutnya,non_spam
Doa gue cuma 1 bravy lu cepet nikah sma erica karena lu secocok itu sma erika ❤❤ 𝐁𝐔𝐊𝐈𝐓𝟒𝐃,spam
"Apabila kamu mampu memimpikannya, maka kamu juga bisa melakukannya dengan 📌 𝗕𝗔𝗥𝗗𝗜𝟰𝗗 📌",spam
"Semua penjelasan dikemas rapi dan mudah diikuti dari awal sampai akhir, keep it up!",non_spam
Wah baru tau nih btw,non_spam
Setiap langkahku diberkahi kemenangan berkat ❄️ *KYT4D* ❄️!,spam
Nyaman banget ditonton! 𝗣𝗟U𝐓𝐎𝟖8,spam
"Seru banget main di 𝘈E𝐑𝙊𝟪𝟾, hasilnya bikin hidup lebih cerah! 😉 😌",spam
"Ada yang mau diskusi lebih lanjut soal topik ini di kolom komentar, nunggu video berikutnya",non_spam
Gila 𝐂𝐄𝐑𝐌𝐀𝐓𝟒𝐃 brutal asli BNR BNR brutal gays mantap pokoknya gua disini di kasih menang tiap hari,spam
"Aku gak perlu nomor keberuntungan di 📌 𝐁𝐀𝐑𝐃𝐈𝟒𝐃 📌, karena bertemu kamu sudah jadi rezeki terbaik",spam
Gua udah 3 minggu konsisten belajar dari sini dan hasilnya terasa hehe,non_spam
"Kemenangan bukanlah segalanya, tapi kemauan untuk menang adalah segalanya ''𝐆𝐄𝐋𝐎𝐑𝐀𝟒𝐃''",spam
Lu belum keren kalo gk main di 𝗕𝗔𝗠𝗕𝗨𝟵𝟵,spam
Rank berapa sekarang? Penasaran udah sampe mana progressnya,non_spam
"Terimakasih atas dedikasinya, pasti banyak effort yang masuk ke tiap video",non_spam
benar KING memang masak itu bikin bahagia sama juga ni main di INSAN4D bikin bahagia,spam
"Aduh gemesnya tuh ga ngotak! Cuan di 💯𝐏𝐒𝐓𝐎𝐓𝐎𝟗𝟗 juga sama, ga ngotak",spam
sumpah main di 【﻿ＳＵＰＥＲＭＯＮＥＹ８８】 bikin cuan setiap hari anjir,spam
"Keren banget ❤TON𝟒𝐃❤! Gak cuma soal menang, ceritanya inspiratif, visualnya ciamik. Mantap! 💎",spam
Sarannya masuk akal dan langsung bisa diaplikasikan di kehidupan nyata hehe,non_spam
Selalu dinanti nih kontennya! 𝗣𝗟U𝐓𝐎𝟖8,spam
Penjelasan terbaik yang pernah gua denger,non_spam
boleh ikutan kah makasar ⚡𝗦𝗨𝗣𝗘𝗥𝗠𝗢𝗡𝗘𝗬𝟴𝟴⚡?,spam
𝗠𝗘𝗪𝗔𝗛𝟳𝟳 gacor abis...!,spam
Rahasia kecil: banyak hal random dan seru yang gak masuk akal… dan itu semua ada di 𝐏𝐒𝐓𝐎𝐓𝐎𝟗𝟗 👀,spam
10:20 Pantas trending! 𝑷𝑨𝑮𝑶𝑫𝑨88,spam
"Keberhasilan ini adalah bukti nyata kerja sama yang solid, termasuk peran ✅ 𝗕𝗔𝗥𝗗𝗜𝟰𝗗 ✅",spam
"03:29 Ngeri, sepupu gue yang baru SMP aja tau 𝗕𝗘𝗥𝗞𝗔𝗛𝟵𝟵.",spam
⚡𝗦𝗨𝗣𝗘𝗥𝗠𝗢𝗡𝗘𝗬𝟴𝟴⚡viral di pontianak,spam
GG - terimakasih ya,non_spam
Memang paling terbaik deh ⭐ 𝗕𝗔𝗥𝗗𝗜𝟰𝗗 ⭐ setiap hari kasih bonus,spam
obrolannya menarik nih kayak 𝐒𝐈𝐍𝐃𝐄𝐍𝟒𝐃 mantap banget👍,spam
Umur tidak menjadi alasan untuk menjadi yang terbaik Sukes selalu 𝐁𝐔𝐊𝐈𝐓𝟒𝐃 ❤,spam
Siap bawa pulang hadiah besar dari ☠🍔 𝑅𝒪𝑀𝒜𝟦𝒟 ♨♤,spam
"Asli ini kocak parah sih , apalagi sambil pantengin 𝕊𝔸𝕁𝔸𝕂𝟜𝔻",spam
Ini channel pertama yang bikin gua betah nonton video lebih dari 20 menit,non_spam
"Penjelasannya detail banget, tiap poin dikasih contoh yang jelas, semoga makin berkembang",non_spam
Gw selalu cuan di SAJAK4D belike,spam
"GG wp, lawan tim kalian juga main bagus sebenernya",non_spam
semua beralih ke ⚡𝗦𝗨𝗣𝗘𝗥𝗠𝗢𝗡𝗘𝗬𝟴𝟴⚡org tegal,spam
Top kontennya,non_spam
"𝗕𝗘𝗥𝗞𝗔𝗛𝟵𝟵 bikin kaya beneran, mantap awal nya coba coba lama lama jadi nagih!",spam
>>> 𝐉𝐀𝐋𝐀𝐊𝟒𝐃 <<< selalu memberikan pelayanan yang terbaik kalian semua wajib coba,spam
ajib dah di 𝐗𝐔𝐗𝐔𝟒𝐃 paten kali,spam
PSTOTO99 tempat paling uhuy!,spam
"Kalau kamu itu tiket 🟩 𝐁𝐀𝐑𝐃𝐈𝟒𝐃 🟩, aku bakal simpan baik-baik biar gak ada yang merebut",spam
𝗃𝗉𝗍𝗈𝗀𝖾𝗅77 Kebanggan rakyat situs terpercaya,spam
"Pertama kali nonton langsung subscribe, kualitasnya beda, nunggu video berikutnya",non_spam
Makin hari makin jago aja mainnya nuyy Semangat  terus 𝐁𝐔𝐊𝐈𝐓𝟒𝐃 semoga selalu jadi idola,spam
"Gua udah nonton ulang bagian teamfight-nya 5 kali, bener-bener keren, salam kenal",non_spam
"Kalau kamu itu undian, aku mau beli semua tiket 🟩 𝐁𝐀𝐑𝐃𝐈𝟒𝐃 🟩 biar bisa menangin kamu",spam
Gak ada salahnya cobain yang baru! KYT4D memberikan pengalaman bermain terbaik! 💯,spam
🤙🤙🤙Situss yang paling aku sukaa 𝒮𝐼𝑀𝐵𝒜𝟨𝟫 😍,spam
"Dengan 🍭 *KYT4D* 🍭, aku percaya bahwa tidak ada yang tidak mungkin",spam
Ini jawaban dari pertanyaan yang udah gua cari dari beberapa bulan lalu,non_spam
"BERKAH99, situs yang aman dan selalu gacor! 🔥",spam
"Wih, untuk banyak lagi dan lagi di 🤲𝐏𝐒𝐓𝐎𝐓𝐎𝟗𝟗 rezeki emang lagi berpihak! 🐠",spam
Gua udah 3 minggu konsisten belajar dari sini dan hasilnya terasa,non_spam
"Gua udah 3 minggu konsisten belajar dari sini dan hasilnya terasa, keep it up!",non_spam
sumpah merinding bangett PAS JEPE GEDE DI  ☯NAGAMASTOTO☯ SITUS mau nangis,spam
Mudah dipahami,non_spam
"Terimakasih atas dedikasinya, pasti banyak effort yang masuk ke tiap video",non_spam
"Main bareng, tawa bareng, seru bareng di 𝐏𝐒𝐓𝐎𝐓𝐎𝟗𝟗 !",spam
Recommended banget,non_spam
"Gua download videonya buat ditonton offline, sayang kalau kelewatan",non_spam
Kesukaan say tuh daging Wagyu apa lagi di stick gitu Tapi lebih enak Bermain di 𝗦𝗘𝗣𝗔𝗧𝗨𝟰𝗗,spam
"GG wp, lawan tim kalian juga main bagus sebenernya",non_spam
"Jago Banget 𝐒𝐄𝐏𝐀𝐓𝐔𝟒𝐃 , hampir setiap rtp nya menghasilkan J3p3 Besar",spam
cuman PANTAU4D yang juara dunia,spam
💥ＪＡＲＵＭ７７💥pokoknya best penarikan berapapun lunas dalam 5 menit,spam
"Pagi-pagi udah jepe gara-gara BERKAH99, mantap cuy.",spam
"modal 50k jadi 500k makasi BERKAH99, tempat gacor yang selalu aman dan terpercaya! 🥰😘",spam
"Aku gak tertarik menang 🔥 𝐁𝐀𝐑𝐃𝐈𝟒𝐃 🔥, yang aku mau cuma menang hati kamu",spam
00:55 auto inget 𝗠𝗕𝗟77 tiap liat yg chill 😌,spam
nonton ini gara gara situs nya ☯NAGAMASTOTO☯💎😍💰🔥,spam
Ada yang bisa rekomendasiin buku bacaan yang topiknya sejalan sama ini,non_spam
Top kontennya,non_spam
"Nyimak abang , *PANGERAN88* Cair mulu 😁",spam
Makasih banyak kak,non_spam
Penataannya keren banget! 𝗕𝗘𝗥𝗞𝗔𝗛𝟵𝟵,spam
"Jangan berhenti bikin konten, channel ini sumber belajar utama gua",non_spam
Liriknya relatable banget sama situasi yang lagi gua rasain sekarang btw,non_spam
1:05 Ayo bro bestie 𝘽𝙀𝙍𝙆𝘼𝙃99 ui enak lets go biar paham withdraw lancar 🎉,spam
"05:59 Ya Tuhan,🌍 𝗕𝗘𝗥𝗞𝗔𝗛𝟵𝟵 🌍 bikin speechless! Visualnya memanjakan mata, ceritanya penuh makna! 💯",spam
"GG wp, lawan tim kalian juga main bagus sebenernya",non_spam
"Yang suka hal-hal detail kayak gini, pasti demen juga explore isi dari 𝐏𝐒𝐓𝐎𝐓𝐎𝟗𝟗. Banyak kejutan menarik!",spam
02:16 Nonton ini bikin puas! 𝗕𝗘𝗥𝗞𝗔𝗛𝟵𝟵,spam
Ada kesalahan kecil di menit 8 angkanya harusnya 0.05 bukan 0.5 - terimakasih ya,non_spam
Bisa kasih tips buat yang masih di rank bawah? Susah naik sendiri,non_spam
Gua rekomendasiin channel ini ke semua temen yang mau belajar,non_spam
Konten ini relate sama pengalaman gua waktu baru mulai belajar,non_spam
Ditunggu video selanjutnya,non_spam
Ada kesalahan kecil di menit 8 angkanya harusnya 0.05 bukan 0.5,non_spam
"Nonton ini sebelum tidur, malah jadi terlalu semangat dan ga bisa tidur",non_spam
"Aku pasukan paket 10rb , tapi klo udaj ktmu 💣﻿ＧＩＡＴ７７７💣 tanboy kuy juga pasti lewat 😍",spam
Penjelasan terbaik yang pernah gua denger,non_spam
Konten ini relate sama pengalaman gua waktu baru mulai belajar btw,non_spam
"Nonton ini sambil ngopi pagi, mood belajar langsung naik drastis",non_spam
Gak percaya? →ＰＵＬＡＵ７７７🔥 beneran dapet terus!,spam
𝐗𝐔𝐗𝐔𝟒𝐃 aja yang bikin betah dari pada yang lain,spam
08:17 Bener-bener niat bikin kontennya 𝗕𝗘𝗥𝗞𝗔𝗛𝟵𝟵,spam
Setting yang lu pake apa? Mouse dan keyboard brand apa yang dipake,non_spam
"𝘋O𝙍𝘈𝟽𝟩 gua suka maen dsini, gmpang bgt dapet WEDEY",spam
Pengen banget ikut kelas atau workshop kalau ada yang diselenggarakan,non_spam
"Nonton ini kayak nonton anime final boss muncul, tapi pakai mukena 🤯 Respect full! 🔥𝐏𝐒𝐓𝐎𝐓𝐎𝟗𝟗🔥 terhibur dan tercerahkan!",spam
"Selama ini main di *JAVALAND88* aman2 jaya aja yah gua, sering dikasi, proses nariknya cepet, maju terus bosku",spam
Brutal banget main di 𝙎𝑬𝙋𝑨𝙏𝑼4𝑫 dijamin maxwin 🔥🔥,spam
"Gua download videonya buat ditonton offline, sayang kalau kelewatan btw",non_spam
Kualitas produksi videonya jauh meningkat dibanding beberapa bulan lalu,non_spam
Gua rekomendasiin channel ini ke semua temen yang mau belajar,non_spam
"02:27 Gak sabar share ke temen soal ❤ 𝗕𝗘𝗥𝗞𝗔𝗛𝟵𝟵 🔴! Ceritanya bikin penasaran, kemenangannya bikin happy! ❤️",spam
"Strategi ini cocok buat solo queue, gua udah coba dan lumayan work",non_spam
"🌟 Terus upload, terus maju! 𝐊𝐎𝐁𝐄𝟒𝐃 dukung penuh 🎬",spam
"Gua download videonya buat ditonton offline, sayang kalau kelewatan",non_spam
dance popo sambilan di PSTOTO99 enak euyy PSTOTO99 !!,spam
emang paling mantep dan ajib dah nih 𝐗𝐔𝐗𝐔𝟒𝐃,spam
❄️ *KYT4D* ❄️ menghadirkan keajaiban finansial dalam hidupku!,spam
KOCAK BANGEEEET !! sambil nonton buka 𝑷𝑺𝑻𝑶𝑻𝑶𝟗𝟗 kalii 🤭,spam
"Penjelasannya mudah dipahami, makasih sudah berbagi ilmunya",non_spam
"gacir di 𝐷𝙊𝙍𝐀𝟩𝟩, ga pernah zonk",spam
"Ngantuk hilang, cuan datang – 💎ＪＡＲＵＭ７７💎",spam
Semua orang yang terkendala dengan masalah keuangan solusinya adalah 🔥 𝗕𝗔𝗥𝗗𝗜𝟰𝗗 🔥,spam
Penjelasan terbaik yang pernah gua denger - terimakasih ya,non_spam
"Strategi ini cocok buat solo queue, gua udah coba dan lumayan work",non_spam
"main di MANGKOK4D banyak banyak banget pecahan scatter nya,saya sudah merasakan menang di situs  tersebut dan situs nya sangaat amanahh<3",spam
"08:16 Wajar kalo popularitas ✌𝗕𝗘𝗥𝗞𝗔𝗛𝟵𝟵 ✌ meledak, hasilnya nyata.",spam
sombong wajar kalo dapet dari 🎉ＨＯＫＩ７７７🪬,spam
Asik banget main di 𝑮𝑬𝑳𝑶𝑹𝑨4𝑫 thanks jepenya!!,spam
Klo menang di 🥇 𝐁𝐄𝐌𝟒𝐃 🏆 jgn lupa bagi2 temen2 nya !,spam
"Terbaik ❤ memang kak , salam PSTOTO99",spam
"🔥 𝐁𝐀𝐑𝐃𝐈𝟒𝐃 🔥 bisa bikin kaya mendadak, tapi kamu bikin hidupku kaya cinta",spam
"Satu hal yang bikin channel ini beda adalah cara penyampaiannya, keep it up!",non_spam
Pertimbangkan untuk menjelajahi 𝐃𝘖𝘙𝐀𝟕𝟩 jika Anda menghargai komunitas dan rasa memiliki. 🥴 🤤,spam
Makasih banyak sudah berbagi ilmu ini secara gratis,non_spam
Ada yang bisa rekomendasiin buku bacaan yang topiknya sejalan sama ini,non_spam
"Waktu nonton berasa cepet banget, ga kerasa udah 1 jam berlalu hehe",non_spam
Gue rela ninggalin platform lain demi fokus di BERKAH99,spam
game paling bagus ini 𝐗𝐔𝐗𝐔𝟒𝐃 asikk mnang terus. . . .,spam
Keren banget,non_spam
"Gapercaya gua, tapi EROPA99 emang Ghaacorr",spam
makin seru dan pasti nya makin asik bermain bersama 𝐒𝐀𝐀𝐓𝟒𝐃,spam
"Map awareness lu bagus banget, jarang ada yang bisa kayak gitu hehe",non_spam
"Nonton ini sebelum tidur, malah jadi terlalu semangat dan ga bisa tidur",non_spam
"05:23 kukira kalo mau banyak duit harus kerja keras,rupanya setelah daftar disini BERKAH99 baru lah aku tau kalo cuma perlu main di BERKAH99 aja rupanya wkwkwk",spam
"Bermanfaat banget ini, salam kenal",non_spam
Emosi yang disampaiin lewat suaranya bisa kerasa banget,non_spam
🍭 *KYT4D* 🍭 mengingatkanku bahwa kesuksesan adalah hasil dari konsistensi,spam
"Makasih udah konsisten upload, channel ini jadi referensi utama gua",non_spam
Gua udah ikutin dari episode pertama dan kualitasnya konsisten bagus,non_spam
11:02 Paling the best selalu jadi pilihan utama 𝘽𝙀𝙍𝙆𝘼𝙃99 🤣,spam
"⭐ 𝐁𝐀𝐑𝐃𝐈𝟒𝐃 ⭐ mungkin bisa kasih uang, tapi aku bisa kasih seluruh waktuku untukmu",spam
Makasih banyak kak,non_spam
✅ 𝗕𝗔𝗥𝗗𝗜𝟰𝗗 ✅ di sini minimal spin hanya 200 perak,spam
Auto subscribe,non_spam
Makasih banyak sudah berbagi ilmu ini secara gratis,non_spam
"Waktu nonton berasa cepet banget, ga kerasa udah 1 jam berlalu hehe",non_spam
"Ga nyangka ada yang mau berbagi ilmu seberharga ini secara gratis, semoga makin berkembang",non_spam
Lanjutkan terus kak,non_spam
Kontenmu selalu ditunggu! 𝗕𝗘𝗥𝗞𝗔𝗛𝟵𝟵,spam
"Nonton ini sebelum tidur, malah jadi terlalu semangat dan ga bisa tidur",non_spam
Mudah dipahami hehe,non_spam
"Pengen bisa di level ini, masih jauh tapi semoga bisa tercapai hehe",non_spam
Kualitas produksi videonya jauh meningkat dibanding beberapa bulan lalu,non_spam
Wajib ajak masuk ke ＣＡＮＴＩＫ７７⚡ paling seru,spam
"Bahkan grup keluarga gue isinya mulai bahas 𝗕𝗘𝗥𝗞𝗔𝗛𝟵𝟵, heran!",spam
"Tolong bikin lanjutan videonya, penasaran sama materi berikutnya",non_spam
02:44 Sound yang dipake ⭐ ️𝘽𝙀𝙍𝙆𝘼𝙃99 ⭐️ selalu pas banget,spam
Seru nihhh BERKAH99 rekomen dari temen gua ga nyesel deh,spam
GG,non_spam
Buruan ajak ramein di ＣＡＮＴＩＫ７７⚡ bareng kita,spam
"Menu spesial di Warung BINGKAI4D lagi mateng sempurna. Bumbunya meresap, sekali hap langsung terasa gurihnya",spam
"Waktunya seru-seruan! Yuk, gabung dan main bareng kami ✌𝐏𝐒𝐓𝐎𝐓𝐎𝟗𝟗✌",spam
"𝘋O𝙍𝘈𝟽𝟩 tiap maen pasti ada aja hasilnya, luar biasa banget",spam
Dapet insight baru dari video ini yang belum pernah gua temuin sebelumnya,non_spam
Ditunggu video selanjutnya,non_spam
main di 🌐 𝗕𝗔𝗥𝗗𝗜𝟰𝗗 🌐 sudah terbukti paling bagus,spam
"Terus berkarya ya, ilmu yang disebarkan pasti jadi manfaat buat banyak orang",non_spam
Anjirrr menang mulu di ✅ 𝗟𝗘𝗩𝗜𝗦𝟰𝗗 ✅ bikin hari-hari makin semangat! 😍 Ajak temen biar makin seru! 👫,spam
"Nice, langsung dipraktekin",non_spam
makan gede di 𝔹𝕌𝕂𝕀𝕋𝟜𝔻 emang enak banget sih,spam
"𝘋O𝙍𝘈𝟽𝟩 asli, jekpotnya gampang banget",spam
Konten ini beneran bantu gua yang lagi belajar dari nol,non_spam
"modal cacing jadi naga nihh bos, senggol dong tkp 𝐓𝐔𝐘𝐔𝐋𝟏𝟑𝟖",spam
Boleh minta source codenya kak? Mau coba modifikasi sendiri,non_spam
gak habis pikir rupanya 𝐗𝐔𝐗𝐔𝟒𝐃 mantap,spam
"Ini sih bukan luck, emang skillnya udah di atas rata-rata",non_spam
Minimal DP hanya 5.000 di ✅ 𝗕𝗔𝗥𝗗𝗜𝟰𝗗 ✅,spam
"Nonton ini sambil ngopi pagi, mood belajar langsung naik drastis",non_spam
Suruh semua temen lo serbu bareng di ＣＡＮＴＩＫ７７⚡ yuk,spam
"Hal baru bikin hidup lebih seru! Apalagi kalau bisa menang di KYT4D, auto makin happy! 😆",spam
Mau yang mantul? Cuma HIGH4D yang bisa kasih itu! Yang lain mah nyerah!,spam
"Jangan berhenti bikin konten, channel ini sumber belajar utama gua",non_spam
Real bukan kaleng2. terbaik *PANGERAN88*,spam
cek google 🥇 𝗡𝗢𝗧𝗜𝗙𝟰𝗗 🏆 Situs yg lagi naik daun 2025 amanah dan terpercaya 𝗡𝗢𝗧𝗜𝗙𝟰𝗗,spam
"Udah nonton 3 kali masih nemu hal baru yang kelewatan, salam kenal",non_spam
Bangga bisa ikut nonton dari awal 🎉ＨＯＫＩ７７７🪬,spam
Kualitas produksi videonya jauh meningkat dibanding beberapa bulan lalu,non_spam
"Di BERKAH99 saya menemukan peluang, dari tukang sayur jadi pemilik supermarket. 弄",spam
"03:29 ❤ 𝗕𝗘𝗥𝗞𝗔𝗛𝟵𝟵 🔴 emang juara! Baru main sekali, langsung jatuh cinta sama konsepnya. Wajib coba! 🌟",spam
Aku percaya ❄️ *KYT4D* ❄️ membawa keberuntungan besar!,spam
berkat 𝐖𝐀𝐇𝐀𝐍𝐀𝟖𝟖𝟖🌟 jadi bisa beli bahan buat masak,spam
🦅 JALAK4D 🦅 pasti WD,spam
"Gak ngerti topiknya, tapi tetep ketawa. Sama kayak gw main 𝑷𝑺𝑻𝑶𝑻𝑶𝟗𝟗, gak ngerti tapi nagih 😭",spam
"abis wd di 𝐓𝐎𝐆𝐀𝟒𝐃 asliiii gacor banget aku di kasih terus, terimakasih 𝐓𝐎𝐆𝐀𝟒𝐃 situs paling top",spam
"Konten ini beneran bantu gua yang lagi belajar dari nol, salam dari Surabaya",non_spam
"Sangat membantu, terima kasih",non_spam
"Strategi ini cocok buat solo queue, gua udah coba dan lumayan work",non_spam
Kok bisa segemes ini sih?! Kayak hoki gue di 𝐏𝐒𝐓𝐎𝐓𝐎𝟗𝟗 yang dateng tanpa aba-aba,spam
Harusnya lebih banyak yang tau penyanyi sebagus ini - terimakasih ya,non_spam
𝐗𝐔𝐗𝐔𝟒𝐃  paling asik tempatnya memang,spam
Ini channel pertama yang bikin gua betah nonton video lebih dari 20 menit,non_spam
Senyum-senyum kalau udah main di situs ☯NAGAMASTOTO☯ keren sih,spam
Feel-nya dapet! 𝗕𝗘𝗥𝗞𝗔𝗛𝟵𝟵,spam
"03:55 Meriah banget pembahasannya, semoga 𝗕𝗘𝗥𝗞𝗔𝗛𝟵𝟵! terus berkembang.",spam
19:23 Kualitas premium! 𝗕𝗘𝗥𝗞𝗔𝗛𝟵𝟵,spam
Emang rekomendasi 07:07 Semangat terus mang ngontennyaa jangan lupa selalu 🍎 ⋆ 🍭  🎀  𝒴𝒰𝒦𝟨𝟫  🎀  🍭 ⋆ 🍎,spam
"⭐ 𝐁𝐀𝐑𝐃𝐈𝟒𝐃 ⭐ itu tentang probabilitas, tapi cintaku padamu pasti 100%",spam
TIDAK DI RAGUKAN LAGI GACORNYA SAWER4D NEW MEMBER AJA UDAH DIKASIH WD BESAR 🤑🥵💦,spam
Gua udah ikutin dari episode pertama dan kualitasnya konsisten bagus,non_spam
Keren banget,non_spam
Bisa gak sih jangan selucu itu? Gue gak kuat! Kayak gak kuat nahan cuan di 💯𝐏𝐒𝐓𝐎𝐓𝐎𝟗𝟗,spam
"Waktu nonton berasa cepet banget, ga kerasa udah 1 jam berlalu",non_spam
Bikin senyum-senyum sendiri! Kayak pas buka 💯𝐏𝐒𝐓𝐎𝐓𝐎𝟗𝟗 dan liat saldo nambah,spam
"Tutorial hero ini paling lengkap yang pernah gua tonton di YouTube, semoga makin berkembang",non_spam
"Gua udah 3 minggu konsisten belajar dari sini dan hasilnya terasa, salam kenal",non_spam
"Gameplay-nya clean, gak ada momen panik yang bikin malu",non_spam
"08:16 Konten seperti ini yang dibutuhkan di YouTube. Sukses terus!,𝗕𝗘𝗥𝗞𝗔𝗛𝟵𝟵 !",spam
Tutorial hero ini paling lengkap yang pernah gua tonton di YouTube btw,non_spam
"Map awareness lu bagus banget, jarang ada yang bisa kayak gitu",non_spam
Auto subscribe,non_spam
Gemoy overload! Gue sambil senyum-senyum buka 𝐏𝐒𝐓𝐎𝐓𝐎𝟗𝟗 nih,spam
Liriknya relatable banget sama situasi yang lagi gua rasain sekarang,non_spam
03:29 Ini sih definisi konten berkualitas! 𝗕𝗘𝗥𝗞𝗔𝗛𝟵𝟵,spam
"Rezeki nomplok hari ini berkat BERKAH99 , alhamdulillah!",spam
"12:11 Lagi ngopi di warung, orang sebelah ngobrolin 𝘽𝙀𝙍𝙆𝘼𝙃99 .",spam
ID VIP khusus yang join sekarang 📌 𝗕𝗔𝗥𝗗𝗜𝟰𝗗 📌,spam
"10:10 Alhamdulillah, ❤ 𝗕𝗘𝗥𝗞𝗔𝗛𝟵𝟵 🔴 bikin hiburan jadi lebih bermakna! Modal kecil, untung gede! 🙏",spam
"BERKAH99 Setiap hari ada aja kejutan dari BERKAH99, bikin semangat!",spam
Carik cuan di sini aja 🧧TEXAS77🧧,spam
06:37 Gak pernah bosen nonton! 𝗕𝗘𝗥𝗞𝗔𝗛𝟵𝟵,spam
Makan Gultik sambil mabarrr MANGKOK4D auto win🥰,spam
Tidak ada yang tidak mungkin kalau bermain di 🟩 𝗕𝗔𝗥𝗗𝗜𝟰𝗗 🟩,spam
"Gameplay-nya clean, gak ada momen panik yang bikin malu",non_spam
"Nice, langsung dipraktekin, nunggu video berikutnya",non_spam
"GG wp, lawan tim kalian juga main bagus sebenernya",non_spam
"05:17 Wow, ❤ 𝘽𝙀𝙍𝙆𝘼𝙃99 🔴 beda banget! Ceritanya mengalir, visualnya kece, kemenangannya bikin hati melayang! 👑",spam
Setiap kali aku 𝗆𝖾𝗇𝖺𝗇𝗀 besar di 𝖩𝖯𝖳𝖮𝖦𝖤𝖫77,spam
Ada yang bisa rekomendasiin buku bacaan yang topiknya sejalan sama ini,non_spam
𝐗𝐔𝐗𝐔𝟒𝐃 Emang teman terbaikku. . . . .,spam
𝙎𝙞𝙩𝙪𝙨 𝙢𝙪𝙙𝙖𝙝 𝙙𝙖𝙥𝙖𝙩 𝙘𝙪𝙖𝙣 𝙝𝙖𝙣𝙮𝙖 𝙙𝙞 ✅𝗕𝗨𝗔𝗬𝗔𝗪𝗜𝗡✅,spam
"Tiap kali ada video baru langsung nonton, udah jadi ritual harian, keep it up!",non_spam
12:36 kalo dari awal gue tau udah setiap hari gua maininin nih SITUS ─═ NAGAMASTOTO ═─ 💎⚡,spam
Ronde berikut coba di 𝐖𝐄𝐓𝐎𝐍𝟖𝟖 bang,spam
Auto subscribe,non_spam
palangkaraya terbesar ⚡𝗦𝗨𝗣𝗘𝗥𝗠𝗢𝗡𝗘𝗬𝟴𝟴⚡aman pokonya,spam
Heran gw pasti PULAU777 muncul,spam
minimal depo berapa ya bang aku ada saldo 50 nih pingin wd di 【ÇÄRÌ ÐÌ GÖÖGLÈ：】:  【LAZADATOTO 】🔥🔥,spam
Ga nyangka ada yang mau berbagi ilmu seberharga ini secara gratis,non_spam
"Gua juga baru depo langsung dikasih maxwin gg banget, kali ini memang betul betul nemu situs yg sesuai dihati, rtp nya tinggi kali. Semua game betul enak buat di mainkan, gak sedot wc seperti situs lainnya. Aku udah buktikan sendiri main di *JAVALAND88*",spam
"Gameplay-nya clean, gak ada momen panik yang bikin malu btw",non_spam
Konten ini relate sama pengalaman gua waktu baru mulai belajar,non_spam
Recommended banget,non_spam
Boleh minta source codenya kak? Mau coba modifikasi sendiri,non_spam
"Aku rela gak punya apa-apa, asal kamu tetap jadi ✅ 𝐁𝐀𝐑𝐃𝐈𝟒𝐃 ✅ di hatiku",spam
"Nonton ini sambil ngopi pagi, mood belajar langsung naik drastis",non_spam
Konten berkualitas,non_spam
"Tiap kali ada video baru langsung nonton, udah jadi ritual harian, salam kenal",non_spam
"🤯 Ini baru makan nikmat, nasi kapau asli Sumbar emang juara 💯 BBCA4D 🍽️",spam
enak banget makan pedes pedes di 𝔹𝕌𝕂𝕀𝕋𝟜𝔻,spam
Ada yang tau resource lain yang setara kualitasnya sama channel ini hehe,non_spam
Kualitas premium! 𝗣𝗟U𝐓𝐎𝟖8,spam
jangan lupa banjarmasin ⚡𝗦𝗨𝗣𝗘𝗥𝗠𝗢𝗡𝗘𝗬𝟴𝟴⚡,spam
"Build ini op banget, langsung nyoba di ranked dan langsung menang",non_spam
"Fix ini konten combo! Lucu dapet, vibes dapet, tinggal buka ◆ 𝙋𝙎𝙏𝙊𝙏𝙊𝟵𝟵 ◆ biar cuan juga dapet 🫡",spam
jepey terus di 𝐷𝙊𝙍𝐀𝟩𝟩,spam
"Jangan berhenti bikin konten, channel ini sumber belajar utama gua, semoga makin berkembang",non_spam
Gue gak kuat liat lo makan… kuatnya cuma liat saldo ♛𝗣𝗦𝗧𝗢𝗧𝗢𝟵𝟵♛ masuk sih 😎,spam
"Dengan 📌 𝐁𝐀𝐑𝐃𝐈𝟒𝐃 📌, game strategi jadi lebih menantang.",spam
"Fajarrr Gak pernahh gagal Bikinn Ngakakkk yaaa , gitu jug di 🄱🄰🅃🅁🄴4🄳 , Gak pernah Gagall sama Hasil J3peee nya !!",spam
Dia sebenarnya cantik dan 𝐂𝐄𝐑𝐌𝐀𝐓𝟒𝐃 nih 😂,spam
Harusnya lebih banyak yang tau penyanyi sebagus ini,non_spam
akhir nya baru ketemu situs ☯NAGAMASTOTO☯ yang bisa 홹홿 coba dh lu pada gua aj di kasih member baru,spam
"Pengen bisa di level ini, masih jauh tapi semoga bisa tercapai",non_spam
𝐗𝐔𝐗𝐔𝟒𝐃 sahabat aku dari dulu hingga sekarang tetap aj aku setia sama dia,spam
sudah ketemu situs yang paling gacorr ni �✌NAGAMASTOTO✌�😍,spam
Channel ini + situs VIOS4D = kombinasi sultan.,spam
*PANGERAN88* Top cerr terbaik sepanjang masa,spam
Gua malah baru tau hal ini padahal udah lama ikutin topik ini,non_spam
"Wah baru tau nih, keep it up!",non_spam
Keren parah 𝑲𝒀𝑻4𝑫! Pengen main terus. 👏,spam
"Next video minta yang duo ranked bareng subscriber dong, salam dari Surabaya",non_spam
"Lagi rame banget di 𝐏𝐒𝐓𝐎𝐓𝐎𝟗𝟗, serius! Kalo telat tau, siap-siap jadi yang terakhir ngerti 😅",spam
"Gua download videonya buat ditonton offline, sayang kalau kelewatan",non_spam
Mau gue simpen di kantong! Tapi kantongnya udah penuh cuan dari 𝐏𝐒𝐓𝐎𝐓𝐎𝟗𝟗,spam
UGBET88 Happy banget bisa berbagi rezeki,spam
Sukak banget cara ngobrol nya ga ada yang Sok hebat karena yang pasti Hebat cuma di 𝐒𝐄𝐏𝐀𝐓𝐔𝟒𝐃,spam
"Teknik vokalnya solid, vibrato dan phrasing-nya bagus",non_spam
saldo awal nya turun dan langsung coba main olimpus dan pakai pola di situs 𝖩𝖯𝖳𝖮𝖦𝖤𝖫77 nya yg berurutan langsung otw wd besar,spam
"Luar biasa!🔥𝙅𝙐𝙇𝙄𝙀𝙏4𝘿🔥,  Semangat bikin video sebagus ini terus !!!",spam
"itu si Pablo doyan banget main di BERKAH99, sampe kebeli motor 😎",spam
"Sangat membantu, terima kasih - terimakasih ya",non_spam
"Hal baru bikin semangat baru! Yuk, coba keberuntunganmu di KYT4D dengan bonus new member 50%! 🔥",spam
wangi banget bro 𝗕𝗔𝗠𝗕𝗨𝟵𝟵 selalu dapat hasil besar!,spam
Seperti biasa sehat selalu kang semngat ngonten dan dilancarkan segala urusannya Salam dari 🚩 𝗕𝗘𝗥𝗞𝗔𝗛𝟵𝟵 ❤,spam
2:51 moment kesukaannya para kaum adam 𝒦𝒰𝒜𝒮𝟦𝒟,spam
"Aku gak percaya hoki, tapi aku percaya 🟩 𝐁𝐀𝐑𝐃𝐈𝟒𝐃 🟩 adalah takdir terindahku",spam
📌 𝗕𝗔𝗥𝗗𝗜𝟰𝗗 📌 Setiap hari bagi bonus dan kemenangan yang sangat besar untuk semua pemain baru,spam
Seperti biasa sehat selalu kang semngat ngonten dan dilancarkan segala urusannya Salam dari 𝗕𝗔𝗠𝗕𝗨𝟵𝟵❤,spam
Kontennya santai tapi berkesan! 𝗣𝗟U𝐓𝐎𝟖8,spam
"Hoki datang tanpa diduga di 𝗕𝗘𝗥𝗞𝗔𝗛𝟵𝟵, rezeki nomplok!",spam
Liriknya relatable banget sama situasi yang lagi gua rasain sekarang,non_spam
Podcast absurd + 𝑷𝑺𝑻𝑶𝑻𝑶𝟗𝟗 = kombinasi healing batin 🙃,spam
Keren banget! Menang banyak di *PANGERAN88*,spam
"Ini jawaban dari pertanyaan yang udah gua cari dari beberapa bulan lalu, nunggu video berikutnya",non_spam
"Gua download videonya buat ditonton offline, sayang kalau kelewatan",non_spam
Emosi yang disampaiin lewat suaranya bisa kerasa banget,non_spam
"Kue boleh satu, tapi jackpot dari 😎𝔹𝔹ℂ𝔸𝟜𝔻 🎂 bisa berkali-kali lipat bro!",spam
Sarannya masuk akal dan langsung bisa diaplikasikan di kehidupan nyata,non_spam
Aku terbuka untuk menerima semua rezeki dari ❄️ *KYT4D* ❄️!,spam
"💫 Penuh warna di TON4D! Story relatable, gerak mulus, hadiah naikin mood.",spam
19:33 Selalu menarik! 𝗕𝗘𝗥𝗞𝗔𝗛𝟵𝟵,spam
"Subtitle bahasa Indonesia akan sangat membantu yang baru belajar, semoga makin berkembang",non_spam
"🤑🤑 aku liat group wa,banyak yg info katanya situs 𝒃𝒃𝒄𝒂4𝒅 lagi ghacor ya? 🤑🤑",spam
"🎉 Color splash di TON4D! Cerita nempel, gerak mulus, bonus mood booster.",spam
Harusnya lebih banyak yang tau penyanyi sebagus ini,non_spam
"Niatnya cuma iseng, eh saldo gue malah meledak! 🔥 𝐁𝐄𝐑𝐊𝐀𝐇𝟗𝟗 🔥 memang juaranya ,,, temen2 di kuliahan gua main di sana semua, soalnya berapapun pasti di bayar lunas ama 🔥 𝐁𝐄𝐑𝐊𝐀𝐇𝟗𝟗 🔥 !!!!",spam
"GG wp, lawan tim kalian juga main bagus sebenernya",non_spam
Gak perlu modal gede buat mulai di BERKAH99,spam
*PANGERAN88* rame bener disini sesuai berita,spam
Next video minta yang duo ranked bareng subscriber dong hehe,non_spam
Rezeki dari 👑BINAR4D👑 bikin senyum lebar hari ini. Terima kasih banyak!,spam
❄️ *KYT4D* ❄️ adalah jalan menuju kesuksesan finansial!,spam
Cover ini lebih enak didengernya dari versi originalnya menurut gua,non_spam
𝐤𝐨𝐜𝐚𝐤 𝐛𝐚𝐧𝐠𝐞𝐭 𝐝𝐚 𝐚𝐛𝐬𝐮𝐫𝐭 𝐛𝐚𝐧𝐠𝐞𝐭 𝐧𝐨𝐧𝐭𝐨𝐧 𝐛𝐢𝐧𝐭𝐚𝐧𝐠 𝐞𝐦𝐨𝐧 𝐬𝐚𝐦𝐚 𝐟𝐫𝐢𝐦𝐚𝐰𝐚𝐧 𝐢𝐧𝐢 .. 𝐈𝐍𝐒𝐀𝐍𝟒𝐃 𝐞𝐦𝐚𝐧𝐠 𝐮𝐝𝐚𝐡 𝐛𝐢𝐬𝐚 𝐛𝐢𝐤𝐢𝐧 𝐡𝐚𝐭𝐢 𝐣𝐚𝐝𝐢 𝐬𝐞𝐧𝐚𝐚𝐧𝐠 ..,spam
"Main di 𝗣𝗦𝗧𝗢𝗧𝗢𝟗𝟗-bikin hidup makin berwarna warni, rezeki silih berganti tak henti-henti!",spam
"Yang ngerti pasti ngerti, timing lagi bagus banget di BUKIT4D 💥",spam
"Main sebentar aja langsung dapet rezeki besar, keren banget 𝐷O𝙍A𝟕𝟩! 😜 😝",spam
4:20 Profesional &amp; on point 𝘽𝙀𝙍𝙆𝘼𝙃99 💼 hasilnya amaksimal!,spam
GG,non_spam
15:22 ⭐️ 𝘽𝙀𝙍𝙆𝘼𝙃99 ⭐️ tuh udah kayak brand premium,spam
"Ini yang gua cari dari minggu lalu, makasih udah upload, semoga makin berkembang",non_spam
Emosi yang disampaiin lewat suaranya bisa kerasa banget,non_spam
"Ragu mu sudah jelas akan jadi Rugi mu, kalo aku sudah yakin sih di BERKAH99",spam
"Wkwkwk ngakak banget king aloy di gininn ,gokil pokonya acara ini , semoga makin paten terus 💝 ＧＩＡＴ７７７ 💝",spam
【﻿ＳＵＰＥＲＭＯＮＥＹ８８】 gak bikin kecewa main nyaman dan aman,spam
"GG wp, lawan tim kalian juga main bagus sebenernya",non_spam
Sukaaa bangettt sama PSTOTO99,spam
11:13 Kontennya deep tapi gak berat! 𝗕𝗘𝗥𝗞𝗔𝗛𝟵𝟵,spam
seru banget❤ 𝐀𝐁𝐒88 saldo 5rb di kasih menang jutaan🎉,spam
Suara dan visualnya sinkron banget!𝗣𝗟U𝐓𝐎𝟖8,spam
"03:14 Mau beli kopi, kasirnya malah nyaranin BERKAH99, gila gak tuh?",spam
"Jangan berhenti bikin konten, channel ini sumber belajar utama gua",non_spam
"Jangan berhenti bikin konten, channel ini sumber belajar utama gua",non_spam
Konten kayak gini harusnya yang viral bukan yang gimmick doang,non_spam
GG,non_spam
"Suaranya merdu banget, langsung masuk playlist favorit gua",non_spam
"Penjelasannya detail banget, tiap poin dikasih contoh yang jelas, salam dari Surabaya",non_spam
Tunggu apa lagi kemaren gua juga udah cobain 🍎 ⋆ 🍭  🎀  𝒴𝒰𝒦𝟨𝟫  🎀  🍭 ⋆ 🍎 manteb banget  Emang rekomendasi 07:07,spam
"memang bikin selera naik aja , seperti di BETAWI77 bikin naik teruss",spam
"Temen-temen gue juga rata-rata pake 𝗝𝗣𝗧𝗢𝗚𝗘𝗟77!, recommended sih.",spam
"Berkah rezeki hari ini berkat 𝘿𝙊R𝘼7𝟽, puji syukur! 😫 😤",spam
Makasih banyak kak,non_spam
"BERKAH99 bikin lupa semua masalah duniawi, hiburan yang sangat berarti!",spam
"Rezeki hari ini bikin aku makin optimis, cuma di 𝕊𝕀𝕄𝔹𝔸𝟞𝟡! 😬 😟",spam
jangan pakai mikir lagi buruan ke situs ☯NAGAMASTOTO☯ 💎😍💰🔥 cuy,spam
Ditunggu video selanjutnya,non_spam
𝗠𝗜𝗬𝗔𝟴𝟴💥 stay trending kayak topik politik,spam
"Pengen bisa di level ini, masih jauh tapi semoga bisa tercapai",non_spam
Setuju banget sama poin ketiga yang disebutkan di video ini,non_spam
"Top banget ⓅⓊⓁⒶⓊ⑦⑦⑦, jepe tiada henti.",spam
Setiap hari adalah kesempatan untuk menang bersama ❄️ *KYT4D* ❄️!,spam
Cuan Express dari STASIUNHOKI88,spam
"💰 Main sebentar, untung besar! situs NAGAMASTOTO emang beda! 😍",spam
"BERKAH99 , gak nyangka banget bisa menang! Makasih banyak atas semuanya!",spam
"Perspektifnya menarik, bikin gua mikir dari sudut pandang yang beda hehe",non_spam
Gokil abizzz 𝐁𝐔𝐊𝐈𝐓𝟒𝐃 selalu jadi king❤,spam
"Ngakak banget, sumpah. Gw sampe lupa lagi buka 𝑷𝑺𝑻𝑶𝑻𝑶𝟗𝟗 di tab sebelah 😭",spam
Main sebentar langsung dapet jakpot gede. Rezeki ada di situs �NAGAMASTOTO�!,spam
asik banget kayanya😂main di 𝐀𝐁𝐒88 minimal DP cuma 5rb🎉,spam
"Mudah dipahami, salam dari Surabaya",non_spam
"Teknik vokalnya solid, vibrato dan phrasing-nya bagus, nunggu video berikutnya",non_spam
"Dengan kesabaran dan doa, cuan akan datang, mungkin saja melalui ✅ 𝗕𝗔𝗥𝗗𝗜𝟰𝗗 ✅",spam
"04:34 Kontennya bikin betah, 🌍 𝗕𝗘𝗥𝗞𝗔𝗛𝟵𝟵 🌍 juga bikin betah sampe pagi 💯",spam
memang maknyosss nih 𝐗𝐔𝐗𝐔𝟒𝐃,spam
"13:17 ❤ 𝘽𝙀𝙍𝙆𝘼𝙃99 🔴, apa rahasia kamu bikin ketagihan? 😍 Cerita mengalir, gameplay seru, hadiah top! 💖",spam
Mudah dipahami,non_spam
"Kalau lagi hoki, jackpot di 🟢 𝗕𝗔𝗥𝗗𝗜𝟰𝗗 🟢 bisa datang kapan aja!",spam
(っ◔◡◔)っ ♥ hasil 𝐆𝐚𝐜𝟎𝐫𝐰𝐢𝐧𝟏𝟑𝟖 dari bikin hariku makin ceria ♥,spam
Semoga 🌐 𝗕𝗔𝗥𝗗𝗜𝟰𝗗 🌐 membawa angin segar untuk cuan yang lebih besar,spam
"06:15 ❤ 𝗕𝗘𝗥𝗞𝗔𝗛𝟵𝟵 🔴 emang luar biasa! Baru main sebentar, langsung dapet kejutan gede. Ceritanya top banget! 🌟",spam
"Perspektifnya menarik, bikin gua mikir dari sudut pandang yang beda",non_spam
"SITUS HOKI CUMA BET 400, DIJAMIN JACKPOT DALAM 10 MENIT GAN!! GACOR GILAA  Bangett Situsnya,, Cobain Dehh ! CARI DI GOOGLE 𝐓𝐈𝐌𝟏𝟑𝟖 😍😍",spam
Ada yang mau diskusi lebih lanjut soal topik ini di kolom komentar,non_spam
"Wah baru tau nih, salam dari Surabaya",non_spam
"Bisa kasih tips buat yang masih di rank bawah? Susah naik sendiri, semoga makin berkembang",non_spam
Suka sama gayanya ngajar,non_spam
15:38 aku taunya cuma 🄱🄰🅃🅁🄴4🄳,spam
Cuan deras tiada henti bareng 💎ＪＡＲＵＭ７７💎,spam
"⚡ Gas seru di TON4D! Story pas, kontrol enak, hadiah bikin terus semangat!",spam
"Penjelasannya detail banget, tiap poin dikasih contoh yang jelas, keep it up!",non_spam
Satu hal yang bikin channel ini beda adalah cara penyampaiannya,non_spam
"gw ga munafik si cok, gw penasaran sama BERKAH99",spam
Untung banget cuan tiap hari main di 𝐒𝐄𝐏𝐀𝐓𝐔𝟒𝐃,spam
"Gua udah ikutin dari episode pertama dan kualitasnya konsisten bagus, semoga makin berkembang",non_spam
"Gua bagiin ke komunitas online dan responsnya positif semua, salam kenal",non_spam
Baru subscribe tapi langsung marathon nonton dari video pertama,non_spam
"Seru banget kalau menang di 𝗕𝗘𝗥𝗞𝗔𝗛𝟵𝟵, nggak nyangka bisa segampang ini!",spam
Gua udah ikutin dari episode pertama dan kualitasnya konsisten bagus,non_spam
Liriknya relatable banget sama situasi yang lagi gua rasain sekarang,non_spam
Penjelasan step by step kayak gini yang paling gampang diikutin pemula,non_spam
Recommended banget,non_spam
Gua bagiin ke komunitas online dan responsnya positif semua,non_spam
"Suaranya merdu banget, langsung masuk playlist favorit gua",non_spam
11:15 lihatlah gambaran besar ─═𝗕𝗘𝗥𝗞𝗔𝗛𝟵𝟵═─ buat Keberhasilan adalah hasil dari keberanian untuk menghadapi risiko besar. cukup di awali dengan modal receh aja,spam
"Podhub 🙄, ingat situs lain😂",spam
Gaya visualnya khas banget! 𝗕𝗘𝗥𝗞𝗔𝗛𝟵𝟵,spam
Bisa gak sih jangan selucu itu? Gue gak kuat! Kayak gak kuat nahan cuan di 𝐏𝐒𝐓𝐎𝐓𝐎𝟗𝟗,spam
Semoga BERKAH99 selalu menjadi nomor satu!,spam
Top kontennya,non_spam
"⚡ 𝐁𝐀𝐑𝐃𝐈𝟒𝐃 ⚡ itu sementara, tapi cintaku padamu selamanya",spam
jangan mkir lagi buruan ke situs ☯NAGAMASTOTO☯ 💎😍💰🔥,spam
"Senang banget main di 𝕊𝕀𝕄𝔹𝔸𝟞𝟡, langsung dapat jakpot besar hari ini! 😱 😳",spam
"🎨 Warna ceria TON4D—cerita “itu gue banget”, transisi lembut, reward bikin senyum.",spam
"😄 Respect sama Tanboy, makan banyak tapi tetap santun 👍 BBCA4D 🙌",spam
Semoga kemenangan ini menjadi awal dari banyak keberhasilan bersama 🟩 𝗕𝗔𝗥𝗗𝗜𝟰𝗗 🟩,spam
ngakak banget 00:11 kak !! btw itu 𝐏𝐒𝐓𝐎𝐓𝐎𝟗𝟗 kan ? emang mantab 𝐏𝐒𝐓𝐎𝐓𝐎𝟗𝟗 mahh 🫡,spam
Semua penjelasan dikemas rapi dan mudah diikuti dari awal sampai akhir,non_spam
02:19 Postingannya ⭐ ️𝘽𝙀𝙍𝙆𝘼𝙃99 ⭐️ selalu dapet insight,spam
Konten ini relate sama pengalaman gua waktu baru mulai belajar,non_spam
"Wah baru tau nih, salam dari Surabaya",non_spam
05:15 Ada yang bisa kalahin engagement-nya ⭐ ️𝘽𝙀𝙍𝙆𝘼𝙃99 ⭐️? GAK ADA,spam
"Pola yang benar bisa bikin menang lebih sering di 𝗕𝗘𝗥𝗞𝗔𝗛𝟵𝟵 , sudah coba?",spam
Nohhh 𝐏𝐎𝐀𝟖𝟖 katanya prayer baru wajib di kasih ngap wkwk,spam
Penjelasan step by step kayak gini yang paling gampang diikutin pemula,non_spam
Setting yang lu pake apa? Mouse dan keyboard brand apa yang dipake btw,non_spam
📌 LINK GACOR 100% HANYA DI VIKINGTOTO,spam
"Ini yang gua cari dari minggu lalu, makasih udah upload",non_spam
Gak bosen apa bro rungkat terus ? Coba disini bro *JAVALAND88*,spam
"Ini yang gua cari dari minggu lalu, makasih udah upload, salam kenal",non_spam
23:45 Konten ⭐ ️𝘽𝙀𝙍𝙆𝘼𝙃99 ⭐️ tuh selalu kreatif banget,spam
"🎯 Color vibes TON4D—cerita relatable, transisi licin, reward mood up.",spam
Hanya bersama 🌐 𝗕𝗔𝗥𝗗𝗜𝟰𝗗 🌐 kita semua dapat merasakan kenikmatan dalam menang,spam
"Arrangement musiknya kreatif, aransemennya beda dari yang lain, keep it up!",non_spam
"Build ini op banget, langsung nyoba di ranked dan langsung menang",non_spam
"Ini yang gua cari dari minggu lalu, makasih udah upload",non_spam
05:02 Teruslah jadi inspirasi buat banyak orang ya! 𝗕𝗘𝗥𝗞𝗔𝗛𝟵𝟵,spam
𝐺𝑎 𝐴𝑑𝑎 𝐿𝑎𝑤𝑎𝑛 𝐾𝑖𝑛𝑔 𝐊𝐄𝐉𝐔𝟒𝐃    🔥,spam
Ini tipe konten yang bikin gua betah di YouTube berjam-jam,non_spam
gatau ada angin apa gw setiap hari hoki terus main di JINBEI4D emang terbaik,spam
𝐗𝐔𝐗𝐔𝟒𝐃 emang the best dah,spam
"Rayain ulang tahun gak usah ribet, cukup login ke 🤭𝔹𝔹ℂ𝔸𝟜𝔻 🎉 udah vibes party banget!",spam
keren abangku ❤❤ JALAK4D,spam
"Ada yang tau resource lain yang setara kualitasnya sama channel ini, nunggu video berikutnya",non_spam
"𝗕𝗘𝗥𝗞𝗔𝗛𝟵𝟵  Rezeki yang diberikan oleh 𝗕𝗘𝗥𝗞𝗔𝗛𝟵𝟵  sungguh tiada tara nilainya, terima kasih ya Allah atas berkat-Mu!",spam
Aku bersyukur karena ❄️ *KYT4D* ❄️ memberiku kemenangan!,spam
Udah nonton 3 kali masih nemu hal baru yang kelewatan,non_spam
magelang hadir ⚡𝗦𝗨𝗣𝗘𝗥𝗠𝗢𝗡𝗘𝗬𝟴𝟴⚡,spam
Ada yang bisa rekomendasiin buku bacaan yang topiknya sejalan sama ini,non_spam
Setiap hari ada kesempatan baru! Manfaatkan promo KYT4D dan jadi pemenang berikutnya! 🏅,spam
"memang juaranya ,,, temen2 di kuliahan gua main di sana semua, soalnya berapapun pasti di bayar lunas ama 🔥 BERKAH99🔥 !!!!",spam
"Atas pencapaian ini, kami mengucapkan terima kasih kepada ⚡ 𝗕𝗔𝗥𝗗𝗜𝟰𝗗 ⚡ yang senantiasa mendampingi",spam
Jadi pengen ikutan mukbang habis menang di 𝐈𝐒𝐎𝟕𝟕𝟕,spam
Gua udah ikutin dari episode pertama dan kualitasnya konsisten bagus,non_spam
"Main santai di BERKAH99, hasilnya bikin senyum lebar. Terima kasih banyak! ",spam
​🇰​​🇦​​🇸​​🇮​​🇭​ ​🇸​​🇪​​🇳​​🇹​​🇺​​🇭​​🇦​​🇳​ ​🇸​​🇵​​🇪​​🇸​​🇮​​🇦​​🇱​❗ ​🇧​​🇪​​🇹​​🇦​​🇭​ ​🇸​​🇦​​🇲​​🇵​​🇪​ ​🇦​​🇰​​🇭​​🇮​​🇷​. 𝐆𝐚𝐜𝟎𝐫𝐰𝐢𝐧𝟏𝟑𝟖🙌,spam
"Gak perlu menang 📌 𝐁𝐀𝐑𝐃𝐈𝟒𝐃 📌, karena setiap hari bersamamu sudah seperti menang jackpot",spam
"Pengemasan sederhana tapi hasilnya maksimal! Sama kayak 𝗕𝗘𝗥𝗞𝗔𝗛𝟵𝟵, hasil maksimal buat setiap pemain!",spam
"Semoga cuan yang kita dapatkan membawa kebaikan, didukung oleh 🟩 𝗕𝗔𝗥𝗗𝗜𝟰𝗗 🟩",spam
Jangan stuck di zona nyaman! Coba hal baru di KYT4D dan raih kemenangan besar hari ini! 🚀,spam
Ini tipe konten yang bikin gua betah di YouTube berjam-jam,non_spam
Ini yang gua butuhin,non_spam
cek google 🥇 𝗡𝗢𝗧𝗜𝗙𝟰𝗗 🏆 Sudah terbukti se INDONESIA situs viral rating TERTINGGI 𝗡𝗢𝗧𝗜𝗙𝟰𝗗,spam
gaskeen teruss 𝐗𝐔𝐗𝐔𝟒𝐃 lgi bocor nih,spam
Bermain di DORA77 membantu saya menutup hutang yang selama ini mengganggu. 😋,spam
"💎 TON4D bikin momen berkesan! Story-nya kena, gameplay licin, bonusnya bikin happy!",spam
Cuan gila-gilaan di 𝐷𝙊𝙍𝐀𝟩𝟩,spam
velocity lagi hits parah yah apalagi 𝐏𝐒𝐓𝐎𝐓𝐎𝟗𝟗 cair paraah😏,spam
"Bisa kasih tips buat yang masih di rank bawah? Susah naik sendiri, salam kenal",non_spam
Ada kesalahan kecil di menit 8 angkanya harusnya 0.05 bukan 0.5,non_spam
"Channel ini underrated banget. ❤ 𝙋𝐋𝐔𝗧𝗢𝟖𝟖 ❤ Editing-nya halus, pengambilan gambarnya estetik, dan yang paling penting: kontennya punya nilai. Di saat banyak orang bikin konten demi viral, kamu tetap konsisten dengan kualitas.  🤩",spam
"Sekali main, langsung paham kenapa banyak yang menang di KAPSUL4D",spam
"Jangan berhenti bikin konten, channel ini sumber belajar utama gua",non_spam
Lebih suka format video panjang yang detail daripada yang singkat,non_spam
"Padahal cuma moda tipis aja malah di kasi Maxwin sama NAGAMASTOTO emg hoki bgt lha main disitus ini, scternya gampang turun terus RTPnya akurat bgt buran cobain main di  NAGAMASTOTO♥",spam
Saatnya seru-seruan tanpa batas di ☠🍔 𝑅𝒪𝑀𝒜𝟦𝒟 ♨♤,spam
jangan lupa bersykur bang BERKAH99,spam
wajib main GELORA4D gak cuma omong kosong bener bener gua barusan WEDE modal gocap doang,spam
"Mechanical skills lu gila, udah berapa tahun main game ini",non_spam
9:09 Paling the best bener-bener nggak bikin bosan 𝘽𝙀𝙍𝙆𝘼𝙃99 terus 🔥,spam
"Jangan ragu mencoba, karena cuan bisa datang dari 🌐 𝗕𝗔𝗥𝗗𝗜𝟰𝗗 🌐",spam
"Tolong bikin lanjutan videonya, penasaran sama materi berikutnya",non_spam
SITUS VIRAL STASIUNHOKI88 siap berikan kekayaan cepat,spam
bosan?main di 【𝗕𝗔𝗠𝗕𝗨𝟵𝟵】 tidak membuat kamu bosan.,spam
Makasih banyak kak hehe,non_spam
"Ini sih bukan luck, emang skillnya udah di atas rata-rata",non_spam
"Tolong bikin lanjutan videonya, penasaran sama materi berikutnya",non_spam
Setting yang lu pake apa? Mouse dan keyboard brand apa yang dipake,non_spam
"Jangan berhenti bikin konten, channel ini sumber belajar utama gua, salam kenal",non_spam
🗻𝑩𝑼𝑲𝑰𝑻4𝑫🗻 tempat bermain yang tak akan terlupakan,spam
"Tiap kali ada video baru langsung nonton, udah jadi ritual harian",non_spam
(っ◔◡◔)っ ♥ Gas Langsung gapake lama di 𝐆𝐚𝐜𝟎𝐫𝐰𝐢𝐧𝟏𝟑𝟖 ♥,spam
maele sampai emosi banget😂sukses selalu untuk 𝐉𝐀𝐋𝐀𝐊𝟒𝐃 ❤,spam
"gachor banget di 𝐷𝙊𝙍𝐀𝟩𝟩, jepey gampang",spam
"20:07 Cara kerjanya simpel, tapi hasilnya mantap 🌍 𝗕𝗘𝗥𝗞𝗔𝗛𝟵𝟵 🌍",spam
Ini yang gua butuhin,non_spam
"Mechanical skills lu gila, udah berapa tahun main game ini",non_spam
"Aku rela gak menang 📌 𝐁𝐀𝐑𝐃𝐈𝟒𝐃 📌 seumur hidup, asalkan kamu tetap ada di sampingku",spam
"Waktu nonton berasa cepet banget, ga kerasa udah 1 jam berlalu, salam dari Surabaya",non_spam
gamau banyak bacot gua bang nanti di kira sales wkwk gua cuman mau share situs ⚡ *BUKIT4D* ⚡ yang sering gua mainin itu gacor,spam
10:10 Pas banget buat ditonton! 𝗕𝗘𝗥𝗞𝗔𝗛𝟵𝟵,spam
❤ 𝐒𝐔𝐈𝐓𝟒𝐃 ❤ Visualnya Sangat Memanjakan Mata!Oke Banget!❤,spam
"GG wp, lawan tim kalian juga main bagus sebenernya, keep it up!",non_spam
Mantap!,non_spam
"09:08 Gak nyangka bisa sekeren ini, salut ⭐️ 𝘽𝙀𝙍𝙆𝘼𝙃99 ⭐️",spam
Gua bagiin ke komunitas online dan responsnya positif semua,non_spam
"Gua udah nonton ulang bagian teamfight-nya 5 kali, bener-bener keren",non_spam
19:33 Setiap harinya selalu ada yang baru dari ⭐ ️𝘽𝙀𝙍𝙆𝘼𝙃99 ⭐️,spam
parah banget tamboykun lambungnya tahan banget ya jangan sampai lupa TOGA4D situs terbaik,spam
06:05 Semua video ⭐ ️𝘽𝙀𝙍𝙆𝘼𝙃99 ⭐️ tuh berkelas,spam
"main gampang, seru maksimal, gampang menangnya dan itu hanya di GELORA4D",spam
​​nasib susah move on sampe gabisa pindah dari 👑 𝐁𝐄𝐌𝟒𝐃 👑,spam
"V̾i̾b̾e̾s̾ ̾n̾y̾a̾ ̾m̾e̾w̾a̾h̾ ̾d̾a̾n̾ ̾e̾l̾e̾g̾a̾n̾t̾,̾ ̾m̾e̾m̾a̾n̾g̾ ̾g̾a̾k̾ ̾a̾d̾a̾ ̾d̾u̾a̾ ̾n̾y̾a̾ ̾n̾e̾ 𝐆𝐚𝐜𝟎𝐫𝐰𝐢𝐧𝟏𝟑𝟖",spam
"04:03 Lagi belanja di minimarket, kasirnya nyebut 𝘽𝙀𝙍𝙆𝘼𝙃99 sambil senyum-senyum",spam
"Penjelasannya mudah dipahami, makasih sudah berbagi ilmunya",non_spam
"Pertama kali nonton langsung subscribe, kualitasnya beda",non_spam
Mantap!,non_spam
soal rasa di 𝐗𝐔𝐗𝐔𝟒𝐃 memang gak bisa bohong dah.,spam
Baru subscribe tapi langsung marathon nonton dari video pertama hehe,non_spam
"03:14 Mau beli kopi, kasirnya malah nyaranin ─═𝗕𝗘𝗥𝗞𝗔𝗛𝟵𝟵═─, gila gak tuh?",spam
09:14 udah satu bulan dikasih duit jajan terus sama BERKAH99 ini wkwkwk,spam
Serius deh cuman 【𝗕𝗔𝗠𝗕𝗨𝟵𝟵】 yang terbaik!.,spam
03:47 Video singkat tapi dapet! 𝗕𝗘𝗥𝗞𝗔𝗛𝟵𝟵,spam
Rezeki mengalir deras berkat energi positif ❄️ *KYT4D* ❄️!,spam
Emosi yang disampaiin lewat suaranya bisa kerasa banget,non_spam
LIONS88 sudah pasti cuan bos,spam
Udah diputar lebih dari 50 kali masih belum bosen juga,non_spam
Hal baru = peluang baru! Main di KYT4D dan nikmati kemudahan menangnya! 🔥,spam
"Konten gameplay lu selalu chill, cocok ditonton buat relaksasi",non_spam
"05:37 Di status teman-teman, semuanya ngomongin 𝘽𝙀𝙍𝙆𝘼𝙃99 .",spam
"Ini tipe konten yang bikin gua betah di YouTube berjam-jam, keep it up!",non_spam
Update terbaru dari KYT4D bikin makin mudah menang! Gabung sekarang dan buktikan sendiri! 🎰,spam
15:27 Jangan panggil aku anak kecil paman 𝓚𝓤𝓐𝓢4𝓓,spam
Makasih banyak kak,non_spam
"BERKAH99 gue aja hoki terus, masa lu enggak..",spam
Bosan dengan yang biasa? KYT4D punya banyak kejutan seru buat kamu! Daftar sekarang! 🎁,spam
03:14 ⭐️ 𝘽𝙀𝙍𝙆𝘼𝙃99 ⭐️ tuh punya kualitas konten yang top,spam
situs tergacor POLO4D,spam
"📌 LINK GACOR 100 %, ROLLINGAN SLOT SETIAP HARI HANYA DI VIKINGTOTO",spam
Kaliini lawannya pass pinterr dan 𝐂𝐄𝐑𝐌𝐀𝐓𝟒𝐃 selalu kasih kegembiraan untuk semua❤,spam
Pengen banget ikut kelas atau workshop kalau ada yang diselenggarakan,non_spam
Tutorial hero ini paling lengkap yang pernah gua tonton di YouTube,non_spam
"Gemes parahhh  kayak jackpot gue semalem di 💯𝐏𝐒𝐓𝐎𝐓𝐎𝟗𝟗, ga boong",spam
"Ngilernya Brutal banget, tapi lebih BRUTAL lagi  promo 𝐒𝐀𝐉𝐀𝐊𝟒𝐃",spam
"Kece badai! Main di 𝘋O𝙍𝘈𝟽𝟩 lancar, cuan juga lancar jaya!",spam
Baru subscribe tapi langsung marathon nonton dari video pertama,non_spam
Penjelasan terbaik yang pernah gua denger,non_spam
"Ulang tahun tanpa hadiah tuh sepi, tapi hadiah dari 😜𝔹𝔹ℂ𝔸𝟜𝔻 💥 bikin meriah banget!",spam
Cuan harian? 𝗠𝗜𝗬𝗔𝟴𝟴💥 jagonya!,spam
Baru subscribe tapi langsung marathon nonton dari video pertama,non_spam
Kayak punya vibe sendiri yang susah dilawan 💎ＪＡＲＵＭ７７💎,spam
Penjelasan step by step kayak gini yang paling gampang diikutin pemula,non_spam
4.15 Sumpah episod kali ni bkin baper Next time undang bg jefri pas ada catesssss  𝒢𝐼𝒜𝒯𝟩𝟩𝟩,spam
"cari rejeki di 𝗦𝗜𝗡𝗗𝗘𝗡𝟰𝗗 gampang banget, dijamin cuan setiap hari🥰",spam
"📸 Tangkap momen hoki bareng TON4D—tap like, gas!",spam
ujung timur nih bosku setia di ⚡𝗦𝗨𝗣𝗘𝗥𝗠𝗢𝗡𝗘𝗬𝟴𝟴⚡,spam
Konten berkualitas,non_spam
"Gua download videonya buat ditonton offline, sayang kalau kelewatan - terimakasih ya",non_spam
Ga nyangka ada yang mau berbagi ilmu seberharga ini secara gratis,non_spam
"Lucu banget , 𝗦𝗜𝗡𝗗𝗘𝗡𝟰𝗗 emang paling keren selalu menghibur❤",spam
kok bisa telat tau 𝗣𝗦𝗧𝗢𝗧𝗢99 !! now aku mau yang lain juga tau 𝑷𝑺𝑻𝑶𝑻𝑶𝟗𝟗 di google ada 🤫,spam
"Lagi capek, terus nemu KEMANG88, langsung seger lagi 😌",spam
Ditunggu video selanjutnya,non_spam
"Konten gameplay lu selalu chill, cocok ditonton buat relaksasi",non_spam
SITUS BAGUS DISINI 🤚 #ᗯᗩᕼᗩᑎᗩ888 🤚,spam
"Jangan berhenti bikin konten, channel ini sumber belajar utama gua",non_spam
Bisa kasih tips buat yang masih di rank bawah? Susah naik sendiri,non_spam
"Makasih udah konsisten upload, channel ini jadi referensi utama gua",non_spam
"01:13 salfok sama hp nya, itu 𝗣𝗦𝗧𝗢𝗧𝗢𝟗𝟗 ya ka ?? 🫣",spam
Coba aja dulu →ＰＵＬＡＵ７７７🔥 baru lo ngerti enaknya,spam
"Mechanical skills lu gila, udah berapa tahun main game ini",non_spam
9:23 Estetik &amp; kreatif banget 🌈 hasil dari 𝘽𝙀𝙍𝙆𝘼𝙃99 selalu bikin kagum,spam
Selamat atas prestasi gemilang! Semoga ✅ 𝗕𝗔𝗥𝗗𝗜𝟰𝗗 ✅ selalu menjadi bagian dari perjalanan sukses Anda,spam
"02:03 Masyaallah, ❤ 𝗕𝗘𝗥𝗞𝗔𝗛𝟵𝟵 🔴 bikin takjub! Visualnya ciamik, ceritanya inspiratif, dan untungnya bikin jantungan! ✨",spam
Gua bagiin ke komunitas online dan responsnya positif semua,non_spam
8:31 Paling the best selalu pengen balik 𝘽𝙀𝙍𝙆𝘼𝙃99 lagi dan lagi 👏,spam
Gua tunjukin ini ke dosen dan beliau bilang ini penjelasan yang bagus,non_spam
06:37 Sering denger  👍 ✌𝗕𝗘𝗥𝗞𝗔𝗛𝟵𝟵 ✌ 👍! akhirnya tau kenapa populer,spam
"🍛 Tanboy Kun cocok banget kulineran ke Sumatra Barat, makannya barbar 😎 BBCA4D 🔥",spam
Kamu itu seperti angka keberuntungan di 🟢 𝐁𝐀𝐑𝐃𝐈𝟒𝐃 🟢 membawa kebahagiaan setiap hari,spam
"GG wp, lawan tim kalian juga main bagus sebenernya",non_spam
"Pengen bisa di level ini, masih jauh tapi semoga bisa tercapai",non_spam
"Nggak pernah gagal dapet jakpot besar di HARTA138, luar biasa!",spam
lokasinya bisa langsung di cari di google ada di 𝐒𝐐𝐔𝐀𝐃𝟕𝟕𝟕 𝐭𝐮𝐣𝐮𝐡 𝐭𝐮𝐣𝐮𝐡 𝐭𝐮𝐣𝐮𝐡,spam
01:02 Ga bosen-bosen nonton! 𝗕𝗘𝗥𝗞𝗔𝗛𝟵𝟵,spam
Emosi yang disampaiin lewat suaranya bisa kerasa banget hehe,non_spam
Waktu santai lebih asik kalau main di ☠🍔 𝑅𝒪𝑀𝒜𝟦𝒟 ♨♤,spam
"Tolong bikin lanjutan videonya, penasaran sama materi berikutnya",non_spam
ini bener bener kreatif dan menguntungkan pastinya di ❤❤ 𝐁𝐔𝐊𝐈𝐓𝟒𝐃,spam
Ga nyangka ada yang mau berbagi ilmu seberharga ini secara gratis,non_spam
Ini Collaboration  paling best👏 kayak yang lain udah langsung coba situs SIAPBET modalll kecil wedee jutaaan auto mukbang bebek viral tanboy kun,spam
"3:41 kalo ini ngeselin, kalo 🄶🄸🄰🅃777 ngangenin",spam
19:45 Kualitas premium! 𝗕𝗘𝗥𝗞𝗔𝗛𝟵𝟵,spam
Gua bagiin ke komunitas online dan responsnya positif semua - terimakasih ya,non_spam
kalau ga coba main tadi ga bakal tau klo 【ÇÄRÌ ÐÌ GÖÖGLÈ　：】: *  【𝓛𝓐𝓩𝓐𝓓𝓐𝓣𝓞𝓣𝓞】* 🔥🔥 itu gacor ternyata lur,spam
Mudah dipahami - terimakasih ya,non_spam
14:10 Terus berkembang arhan semangattt!!!!! Salam 𝗕𝗘𝗥𝗞𝗔𝗛𝟵𝟵! gampang Jepe,spam
Lakukan sesuatu hari ini yang akan membuat dirimu di masa depan berterima kasih.&quot; 【﻿ＳＵＰＥＲＭＯＮＥＹ８８】,spam
Energi positif ❄️ *KYT4D* ❄️ menarik rezeki melimpah!,spam
Semua penjelasan dikemas rapi dan mudah diikuti dari awal sampai akhir,non_spam
02:33 Gak capek nontonnya! 𝑷𝑨𝑵𝑮𝑬𝑹𝑨𝑵88,spam
Penjelasan step by step kayak gini yang paling gampang diikutin pemula,non_spam
Ini channel pertama yang bikin gua betah nonton video lebih dari 20 menit,non_spam
anjay ☯NAGAMASTOTO☯ situs kesukaan teman teman nyantai💎😍💰🔥,spam
"main di 𝗪𝗔𝗛𝗔𝗡𝗔𝟴𝟴𝟴, beban hidup langsung hilang",spam
Video lucu banget sampe nangis! Tapi nangisnya bakal berubah jadi senyum kalau main di KYT4D dan menang besar! 😭➡️😁,spam
makasi 𝗕𝗔𝗠𝗕𝗨𝟵𝟵 semoga selalu jadi andalan dan kasi inovasi baru terus,spam
live rtp yang tinggi bisa maxwin berkali kali cuma di situs cm88bets,spam
Semoga 📌 𝗕𝗔𝗥𝗗𝗜𝟰𝗗 📌 membuka peluang baru untuk cuan yang lebih besar,spam
05:02 Optimis 𝗕𝗘𝗥𝗞𝗔𝗛𝟵𝟵! bakal bertahan lama di puncak popularitas.,spam
Wah baru tau nih,non_spam
★  𝐌𝐀𝐒𝐊𝐄𝐑𝐓𝐎𝐓𝐎 ★  EPISODE PALING KOCAKKK.. BANGET.. DARI AWAL AMPE AKHIR NGAKAK MULU.. 😂😂😂😂😂😂😂,spam
𝐷𝘖𝙍𝘈7𝟩 menyediakan platform untuk pembelajaran berkelanjutan. 😏 😒,spam
Akhirnya nemu penjelasan yang bener-bener masuk di kepala,non_spam
Situs RAMTOTO selalu bikin nagih main lagi,spam
"Atas pencapaian ini, kami berterima kasih kepada 📌 𝗕𝗔𝗥𝗗𝗜𝟰𝗗 📌 yang selalu mendukung",spam
cari inspirasi? di 𝗕𝗔𝗠𝗕𝗨𝟵𝟵 deh pasti tuai hasil!,spam
Ini jawaban dari pertanyaan yang udah gua cari dari beberapa bulan lalu,non_spam
🤣 Ekspresi abang warung pas nasi nambah terus itu priceless 😂 BBCA4D 😆,spam
Lebih suka format video panjang yang detail daripada yang singkat,non_spam
Setuju banget sama poin ketiga yang disebutkan di video ini,non_spam
"Arrangement musiknya kreatif, aransemennya beda dari yang lain",non_spam
"Konten gameplay lu selalu chill, cocok ditonton buat relaksasi, semoga makin berkembang",non_spam
*PUSATWIN* situs yang menyenangkan dan terpercaya!                owner nya ramah banget  semoga rezekinya diperluaskan oleh Allah . Aamiin,spam
Cepetan ajak main bareng ke ＣＡＮＴＩＫ７７⚡ bareng kita,spam
"Strategi ini cocok buat solo queue, gua udah coba dan lumayan work, salam dari Surabaya",non_spam
"🌟 TON4D makin berwarna! Cerita ngena, transisi smooth, bonus pengangkat vibes.",spam
"Sangat membantu, terima kasih",non_spam
14:10 Terbaik! 𝗕𝗘𝗥𝗞𝗔𝗛𝟵𝟵 sukses bantu banyak orang dengan cepat.,spam
Ada yang tau resource lain yang setara kualitasnya sama channel ini,non_spam
Gas ajak masuk ke ＣＡＮＴＩＫ７７⚡ sekarang,spam
Cara mainnya beda banget dari youtuber lain yang pernah gua tonton,non_spam
Situs ter GG tahun ini *JAVALAND88*,spam
Mau hidup lo auto naik level? Coba main di *PANGERAN88*,spam
Suka sama gayanya ngajar,non_spam
"Ketawanya sampe lepas! Kalo mau rezekinya sampe lepas juga, main di KYT4D aja! Bonus new member 20% lho! 🤑",spam
"Hasil nyata di DORA77 mengantar saya, dari tukang ojek jadi pemilik armada. 🧂",spam
Pertanyaan: kalau datanya beda format apakah langkahnya tetap sama?,non_spam
The best tahun ini di PSTOTO99 pasti byar!,spam
2:30 Beda dari yang lain selalu jadi pilihan utama 𝘽𝙀𝙍𝙆𝘼𝙃99 🔥,spam
"Suka tantangan baru? Di KYT4D ada banyak game seru dengan winrate tinggi! Yuk, buktikan! 💪",spam
speechless catez pas bilang sorry ya klo ada salah kata 53:55 kayak tambah dewasa aja dan sikap kecil pdhl tapi dia peduli  -=-=-=-=-=-=-=-=-=-=-=-=-=-=-=-  jangan lupa join di 𝑷𝑬𝑳𝑨𝑻𝑰𝑯4𝑫 biar kelen bisa ngerasain menang bermain di 𝑷𝑬𝑳𝑨𝑻𝑰𝑯4𝑫 ya ges yaa,spam
"Tahun baru umur baru, waktunya cari hoki di 🔥𝔹𝔹ℂ𝔸𝟜𝔻 💰 yuk ramein party-nya!",spam
"Penjelasannya mudah dipahami, makasih sudah berbagi ilmunya",non_spam
Next video minta yang duo ranked bareng subscriber dong,non_spam
Langsung ajak gabung ke ＣＡＮＴＩＫ７７⚡ bareng kita,spam
"Ini yang gua cari dari minggu lalu, makasih udah upload, salam kenal",non_spam
𝐗𝐔𝐗𝐔𝟒𝐃 kawan terbaik dah gak add lossnya mantep,spam
𝐗𝐔𝐗𝐔𝟒𝐃 sahabat aku,spam
selalu cuan di WAHANA888,spam
Gua tunjukin ini ke dosen dan beliau bilang ini penjelasan yang bagus,non_spam
"Ini sih bukan luck, emang skillnya udah di atas rata-rata",non_spam
"Gua udah nonton ulang bagian teamfight-nya 5 kali, bener-bener keren, salam dari Surabaya",non_spam
"Terimakasih atas dedikasinya, pasti banyak effort yang masuk ke tiap video",non_spam
GG,non_spam
"Bawa keluarga & teman, ciptakan momen seru di ☠🍔𝑅𝒪𝑀𝒜𝟦𝒟 ♨♤",spam
JP LAGI NI BOSKU di📲📲 𝐓𝐈𝐌𝟏𝟑𝟖 GILA BANGET PADAHAL BARU NYOBA UDA LANGSUNG MENANG JUTAAN RUPIAH. EMANG THE BEST 𝐓𝐈𝐌𝟏𝟑𝟖 𝐁𝐈𝐊𝐈𝐍 𝐌𝐄𝐌𝐁𝐄𝐑 𝐁𝐄𝐓𝐀𝐇 👍👍👍🥰🥰😍😍,spam
Kontennya beda dari yang lain! 𝗣𝗟U𝐓𝐎𝟖8,spam
"Buat yang suka konten kreatif & unik kayak gini, coba deh intip juga apa yang lagi rame di 𝐏𝐒𝐓𝐎𝐓𝐎𝟗𝟗",spam
Update terbaru = peluang baru! Gabung KYT4D sekarang dan rasakan bedanya! 🎯,spam
Mau coba sensasi baru? KYT4D tempatnya! Banyak promo dan hadiah menanti! 🎊,spam
16:10 Estetik &amp; kreatif banget hasil dari💖 𝘽𝙀𝙍𝙆𝘼𝙃99 💖 selalu bikin kagum,spam
"Build ini op banget, langsung nyoba di ranked dan langsung menang",non_spam
"Nonton ini sebelum tidur, malah jadi terlalu semangat dan ga bisa tidur, salam dari Surabaya",non_spam
"Bisa gak sih diem dikit, gemesnya nyerang banget! Kayak notif saldo masuk 💯𝐏𝐒𝐓𝐎𝐓𝐎𝟗𝟗",spam
🎶 TON4D iringi langkah harimu dengan hoki! 🎵 Tekan like dong!,spam
"Ini channel pertama yang bikin gua betah nonton video lebih dari 20 menit, semoga makin berkembang",non_spam
sambil makan sambil main di 𝐆𝐄𝐋𝐎𝐑𝐀𝟒𝐃,spam
𝐛𝐚𝐫𝐮 𝐬𝐚𝐣𝐚 𝐣𝐚𝐝𝐢 𝐦𝐞𝐦𝐛𝐞𝐫 𝐛𝐚𝐫𝐮 𝐝𝐢 𝐓𝐔𝐘𝐔𝐋𝟏𝟑𝟖 𝐡𝐚𝐧𝐲𝐚 𝐛𝐚𝐰𝐚𝐤 𝐦𝐨𝐝𝐚𝐥 𝐫𝐞𝐜𝐞𝐡 𝐦𝐚𝐥𝐚𝐡 𝐝𝐢 𝐤𝐚𝐬𝐢 𝐦𝐞𝐧𝐚n𝐠,spam
Konten ini beneran bantu gua yang lagi belajar dari nol btw,non_spam
Selamat! Keberhasilan ini semakin bermakna dengan dukungan ✅ 𝗟𝗘𝗩𝗜𝗦𝟰𝗗 ✅,spam
Gokil sih ini kontentennya 😂di temenin 𝐀𝐖𝐀𝐍𝟒𝐃✨ pengen ketawa kalo liat aloyy,spam
bomat dah di bilang apa yang penting aku tetap sama 𝐗𝐔𝐗𝐔𝟒𝐃,spam
sempit 𝐒𝐄𝐊𝐀𝐋𝐈𝟒𝐃 logika firmawan ketika di compare dengan fajar king sadboy,spam
"Yang lo tunggu-tunggu, udah ada di 𝗠𝗜𝗬𝗔𝟴𝟴💥 ✨",spam
"Maell Lee: marah-marah lucu. Indra: mikir dulu baru lucu. Gw: bingung dulu, ketawa belakangan, terus buka 𝑷𝑺𝑻𝑶𝑻𝑶𝟗𝟗 🚀",spam
"Cover ini lebih enak didengernya dari versi originalnya menurut gua, salam dari Surabaya",non_spam
"Setuju banget sama poin ketiga yang disebutkan di video ini, nunggu video berikutnya",non_spam
Bermanfaat banget ini,non_spam
Subtitle bahasa Indonesia akan sangat membantu yang baru belajar,non_spam
"Arrangement musiknya kreatif, aransemennya beda dari yang lain",non_spam
Ini jawaban dari pertanyaan yang udah gua cari dari beberapa bulan lalu - terimakasih ya,non_spam
menang besar di *PANGERAN88* bikin mimpi jadi kenyataan!,spam
"Muadah mudahan bermanfaat ,,aku kan coba di 𝖩𝖯𝖳𝖮𝖦𝖤𝖫77 ,, real asik mainnya",spam
"Pengen bisa di level ini, masih jauh tapi semoga bisa tercapai btw",non_spam
Dapet insight baru dari video ini yang belum pernah gua temuin sebelumnya hehe,non_spam
Suruh semua temen lo ramein di ＣＡＮＴＩＫ７７⚡ tempatnya,spam
"📌 𝐁𝐀𝐑𝐃𝐈𝟒𝐃 📌 itu sementara, tapi kenangan bersamamu abadi",spam
"Makasih udah konsisten upload, channel ini jadi referensi utama gua, keep it up!",non_spam
Jangan cuma jadi penonton — waktunya kamu ikut bermain Bersama 𝘿𝙊𝙇𝘼4𝘿 dan jadi pemenang! !,spam
kesukaan ku memamng 𝐗𝐔𝐗𝐔𝟒𝐃,spam
Ini jawaban dari pertanyaan yang udah gua cari dari beberapa bulan lalu,non_spam
"situs  𝕁ℙ𝕋𝕆𝔾𝔼𝕃77 bro , ini baik gak makan orang mala di kasih uang setelah main disni, makasi la yang uda recomen ke aku",spam
Cara mainnya beda banget dari youtuber lain yang pernah gua tonton,non_spam
"Arrangement musiknya kreatif, aransemennya beda dari yang lain",non_spam
"Nice, langsung dipraktekin, salam dari Surabaya",non_spam
"Ada yang baru? Pasti seru! Apalagi kalau bisa menang di KYT4D, auto senyum-senyum! 😁",spam
Tiada yang lebih asik lagi selain JARUM77,spam
Penjelasan terbaik yang pernah gua denger,non_spam
"Dengan 🔥 𝐁𝐀𝐑𝐃𝐈𝟒𝐃 🔥, game indie terasa seperti AAA title.",spam
pascol : saya perhatikan ya kamu dari tadi yaa ! indra : terimaksih loh udah perhatian ngakak 𝐒𝐄𝐊𝐀𝐋𝐈𝟒𝐃 nontonnya,spam
Keren euyy 𝗕𝗔𝗠𝗕𝗨𝟵𝟵,spam
Konten ini relate sama pengalaman gua waktu baru mulai belajar,non_spam
Ini channel pertama yang bikin gua betah nonton video lebih dari 20 menit,non_spam
Daftar sekarang di GGWP88 dan nikmati bonus menarik!,spam
Kualitas produksi videonya jauh meningkat dibanding beberapa bulan lalu,non_spam
wkwkkw ngakak anjirr indra buat mael emosi 𝗨𝗡𝗗𝗔𝗡𝗚𝗔𝗡𝟰𝗗,spam
12:10 𝘽𝙀𝙍𝙆𝘼𝙃99 itu santuy banget tempatnya.,spam
"Rezeki dari 𝐃O𝑅𝐴7𝟩 bikin hariku lebih menyenangkan, thank you! 😊 😇",spam
𝑤𝑎𝑎ℎ 𝑏𝑒𝑛𝑎𝑟 𝑏𝑒𝑛𝑎𝑟 𝑑𝑖 𝑘𝑎𝑠𝑖ℎ 𝑚𝑒𝑛𝑎𝑛𝑔 𝑡𝑒𝑟𝑢𝑠 𝑚𝑎𝑖𝑛 𝑑𝑖 𝑆𝐸𝑃𝐴𝑇𝑈4𝐷 𝑠𝑎𝑙𝑎𝑚 𝑗𝑒𝑝𝑒𝑒,spam
"Strategi ini cocok buat solo queue, gua udah coba dan lumayan work, nunggu video berikutnya",non_spam
"Iseng-iseng mencoba bermain 𝐆𝐀𝐑𝐔𝐃𝐀138, justru malah menjadi ahli, rezeki terus menerus datang! 🤮 🤧",spam
Ga nyangka ada yang mau berbagi ilmu seberharga ini secara gratis,non_spam
setia ma 𝐗𝐔𝐗𝐔𝟒𝐃 memang bikin hati senengg teruss.....,spam
"BERKAH99, emang seru banget, banyak yang untung disono 😍",spam
Top kontennya,non_spam
king aloy pun dibuat tercengang 𝐁𝐔𝐊𝐈𝐓𝟒𝐃,spam
"Cara ngajarnya santai tapi tetep informatif, cocok banget buat pemula hehe",non_spam
Langsung aja Gsss mainkan di SOSIS4D !!!,spam
"𝐭𝐞𝐫𝐫𝐥𝐚𝐥𝐮 𝐥𝐨𝐠𝐢𝐜 𝐬𝐢𝐡 𝐢𝐧𝐝𝐫𝐚 𝐰𝐤𝐰𝐤𝐰𝐤𝐰𝐤 𝐤𝐨𝐜𝐚𝐤 𝐠𝐚 𝐚𝐛𝐢𝐬 𝐤𝐞𝐭𝐚𝐰𝐚 𝐧𝐲𝐚 𝐬𝐮𝐦𝐩𝐚𝐡 , 𝐭𝐞𝐫𝐮𝐬 𝐦𝐞𝐧𝐠𝐡𝐢𝐛𝐮𝐫 𝐝𝐚𝐧 𝐭𝐞𝐫𝐮𝐬 𝐬𝐞𝐧𝐚𝐧𝐠𝐚𝐭 𝐲𝐚 𝐈𝐍𝐒𝐀𝐍𝟒𝐃..",spam
"tempat semua member baru dapet kejutan! , ya hanya di PSTOTO99",spam
"Aku adalah pemenang, dan ❄️ *KYT4D* ❄️ adalah buktinya!",spam
Hari cukup happy di temanin 𝐆𝐄𝐋𝐎𝐑𝐀𝟒𝐃 se happy ini karena cuan tambah terus di 𝐆𝐄𝐋𝐎𝐑𝐀𝟒𝐃,spam
Pengen banget ikut kelas atau workshop kalau ada yang diselenggarakan,non_spam
Terima kasih untuk 𝐒𝐈𝐉𝐀𝙂𝙊𝟖𝟖 𝐘𝐀𝐍𝐆 𝐁𝐄𝐑𝐀𝐍𝐈 𝐊𝐀𝐒𝐈𝐇 𝐁𝐔𝐊𝐓𝐈 𝟏𝟎𝟎%🧧,spam
1.34 Ini sih bukan ngajak tanding tapi ngasih tau kalo mereka juara dunia 😅 𝔾𝕀𝔸𝕋𝟟𝟟𝟟 😁,spam
Ini channel pertama yang bikin gua betah nonton video lebih dari 20 menit,non_spam
"07:15 Gak nyangka ❤ 𝗕𝗘𝗥𝗞𝗔𝗛𝟵𝟵 🔴 se-epic ini! Ceritanya bikin mikir, visualnya kece, dan hadiahnya bikin kaget! 💪",spam
banyak yg komen BERKAH99 itu apaan bang?,spam
"Penjelasan terbaik yang pernah gua denger, semoga makin berkembang",non_spam
siapa sih 𝗕𝗔𝗠𝗕𝗨𝟵𝟵 keren banget pelayanan dan sistemnya,spam
⚡ Hari biasa jadi luar biasa bareng TON4D! 🚀 Like sekarang!,spam
"Ini tipe konten yang bikin gua betah di YouTube berjam-jam, nunggu video berikutnya",non_spam
05:19 𝘽𝙀𝙍𝙆𝘼𝙃99 kayak udah jadi bagian dari hidup sehari-hari.,spam
Gemoy overload! Gue sambil senyum-senyum buka 💯𝐏𝐒𝐓𝐎𝐓𝐎𝟗𝟗 nih,spam
Bravy DI PODCAST mana pun tata cara biacaranya selalu dewasa gokil  𝐊𝐔𝐀𝐒𝟒𝐃,spam
SUPER GACOR DAN PASTI GOKIELLL  emang 𝐓𝐈𝐌𝟏𝟑𝟖🔥🔥🔥🔥🔥🔥🔥🔥 dicoba main  dengan modal receh pastinya langsung dikasih scatter emang TERBAIK 𝐓𝐈𝐌𝟏𝟑𝟖 👍👍👍🥰🥰😍😍,spam
10:27 Jelas banget idenya! 𝗕𝗘𝗥𝗞𝗔𝗛𝟵𝟵,spam
mantap bener 👑 𝐁𝐄𝐌𝟒𝐃 👑 tempat buat seru-seruan,spam
lagi lagi 𝐗𝐔𝐗𝐔𝟒𝐃  yang lagi maknyusss,spam
Lanjutkan terus kak,non_spam
"Video ini seru, tapi percaya deh… 𝐏𝐒𝐓𝐎𝐓𝐎𝟗𝟗 tuh tempat orang-orang ngumpul pas gak tau mau ngapain 😆",spam
"Semangat baru, rezeki baru! Yuk, mulai hari ini main di KYT4D dan raih jackpot! 💰",spam
"Gameplay-nya clean, gak ada momen panik yang bikin malu, semoga makin berkembang",non_spam
"Konten gameplay lu selalu chill, cocok ditonton buat relaksasi",non_spam
"Level sultan naik, saldo makin tebal. Terima kasih, BERKAH99",spam
ＨＯＫＩ７７７ apaan sih,spam
Ada yang tau resource lain yang setara kualitasnya sama channel ini,non_spam
Ada yang tau resource lain yang setara kualitasnya sama channel ini,non_spam
01:07 𝗕𝗘𝗥𝗞𝗔𝗛𝟵𝟵 Terbaik dahh,spam
Dapet insight baru dari video ini yang belum pernah gua temuin sebelumnya btw,non_spam
Lebih suka format video panjang yang detail daripada yang singkat,non_spam
☀️ Mulai hari dengan senyum dan TON4D—tap like!,spam
HAHAHA KENA TAMPAR BENERAN     BATRE4D GAME GACOR,spam
"Rezeki hari ini bikin aku makin optimis, cuma di HARTA138! 😬 😟",spam
"Barbar seru, ❤TON4D❤! Win bikin merinding, semuanya klik. Cobain! 🔥",spam
"Sangat menghbur ...Sampe keram pipih nahan ketawa..thanks om ded Vidi bg Radit and Vior 😂😂❤ 𝗣𝗔𝗡𝗗𝗔𝗪𝗔𝟴𝟴 emang the best, gacor terus!",spam
"Masih kecil sudah mantap sekali Skil mainnya,semoga selalu jadi idola 𝐁𝐔𝐊𝐈𝐓𝟒𝐃",spam
Top kontennya,non_spam
"Beruntung banget dan bersyukur banget gw nemu situs 𝐉𝐏𝐓𝐎𝐆𝐄𝐋𝟕𝟕 ini, semenjak gw bergabung disitus ini, banyak banget nerima keuntungan yang super gede, WD gak pernah absen.1 lagi yang saya suka depo wd secepat kilat admin nya juga ramah",spam
7:18 𝘽𝙀𝙍𝙆𝘼𝙃99 kayak pelarian paling nyaman 🐯,spam
🍭 *KYT4D* 🍭 adalah motivasi terbaik untuk meraih kesuksesan,spam
"Dengan 🍭 *KYT4D* 🍭, aku percaya bahwa sukses adalah hak semua orang",spam
Keberuntungan 🌐 𝗕𝗔𝗥𝗗𝗜𝟰𝗗 🌐 bisa menjadi awal dari cuan yang stabil,spam
"Waktu nonton berasa cepet banget, ga kerasa udah 1 jam berlalu - terimakasih ya",non_spam
PANTAU4D ajaib cuman di PANTAU4D yang bisa membuat kalian happy,spam
bikin laperrr cokkk makan KINO4D AHHH ada yang mau ikut makan di KINO4D di jaminnn jackpott besarrrrr,spam
01:36 Lagi panas bosku! Slot gacor nempel terus di  🔥🔥𝗝𝗨𝗡𝗜𝗢𝗥𝟴𝟴🔥🔥Ayo gas sekarang bosku,spam
Konten berkualitas,non_spam
Semua penjelasan dikemas rapi dan mudah diikuti dari awal sampai akhir,non_spam
"Pecah banget podcastnya , sama kaya LUNAR77 pecah banget scter nyq !",spam
"Ini yang gua cari dari minggu lalu, makasih udah upload - terimakasih ya",non_spam
Wah baru tau nih,non_spam
Makasih 𝐊𝐎𝐁𝐄𝟒𝐃 !! Modal kecil menang banyak ! ga nyesel banget main di 𝐊𝐎𝐁𝐄𝟒𝐃,spam
"Seru banget main di 𝐷𝑂𝑅𝐀77, pasti balik lagi buat jakpot lebih besar! 🤯 😳",spam
"Sangat membantu, terima kasih, salam dari Surabaya",non_spam
"parah woyy, ＨＯＫＩ７７７",spam
"Apa rahasia kamu? Setiap sesi main di 𝗚𝗘𝗟𝗢𝗥𝗔𝟰𝗗 bikin excited, apa lagi pas dapat jackpot!!",spam
video kalau ada aloy pasti ngakak siii 𝗨𝗡𝗗𝗔𝗡𝗚𝗔𝗡𝟰𝗗,spam
"Kerennn contentnya bang ,cari situs yang benar itu PSTOTO99",spam
Konten ini relate sama pengalaman gua waktu baru mulai belajar,non_spam
Geloo PSTOTO99 Cair terus x100,spam
"Setiap hari, ❄️ *KYT4D* ❄️ membawaku lebih dekat pada kemenangan!",spam
Sama viral nya seperti KEJU4D,spam
"Bersama 🍭 *KYT4D* 🍭, aku yakin bisa mencapai semua target suksesku",spam
"GG wp, lawan tim kalian juga main bagus sebenernya",non_spam
terima kasi rezekinya  ⭐𝗕𝗔𝗠𝗕𝗨𝟵𝟵,spam
Gak capek nontonnya! 𝗕𝗘𝗥𝗞𝗔𝗛𝟵𝟵,spam
"Gw main di 𝐷𝙊𝙍𝐀𝟩𝟩, de po kecil aja udah bikin mekswin terus",spam
GG,non_spam
Sarannya masuk akal dan langsung bisa diaplikasikan di kehidupan nyata,non_spam
Keren banget,non_spam
bukan omong kosong doang tapi real A1 *PANGERAN88*,spam
Gua malah baru tau hal ini padahal udah lama ikutin topik ini,non_spam
"Scroll sampe sini, berarti lo udah ditakdirkan buat buka 𝐏𝐒𝐓𝐎𝐓𝐎𝟗𝟗. Yuk, jangan dilawan takdirnya 😂",spam
"Dengan dedikasi dan dukungan 🟢 𝗕𝗔𝗥𝗗𝗜𝟰𝗗 🟢, kesuksesan pun menjadi kenyataan",spam
Bermanfaat banget ini,non_spam
Cintaku padamu itu seperti nomor favorit di 🟢 𝐁𝐀𝐑𝐃𝐈𝟒𝐃 🟢 selalu muncul di pikiran,spam
Baru subscribe tapi langsung marathon nonton dari video pertama,non_spam
PULAU777 - Member baru Pati Untung,spam
🍭 *KYT4D* 🍭 mengajarkanku bahwa kegagalan hanyalah batu loncatan menuju sukses,spam
Next video minta yang duo ranked bareng subscriber dong,non_spam
Rezeki dari BERKAH99 bikin senyum lebar hari ini. Terima kasih banyak!,spam
Wajib ajak ikut main di ＣＡＮＴＩＫ７７⚡,spam
Cara mainnya beda banget dari youtuber lain yang pernah gua tonton,non_spam
Utang lunas maen di 𝐷𝙊𝙍𝐀𝟩𝟩,spam
Gokil! Setia banget sama ⚡𝗕𝗔𝗠𝗕𝗨𝟵𝟵⚡ sejak awal!,spam
"Ini yang gua cari dari minggu lalu, makasih udah upload",non_spam
"Cara ngajarnya santai tapi tetep informatif, cocok banget buat pemula",non_spam
"Udah banyak yang ngebahas, tapi baru dikit yang sadar… 𝐏𝐒𝐓𝐎𝐓𝐎𝟗𝟗 lagi ada ‘sesuatu’. Jangan ketinggalan!",spam
Rezeki nomplok hari ini berkat *ROYALACES88* alhamdulillah!,spam
"Gue gak nyuruh, tapi kalau lo penasaran... coba aja liat-liat 𝐏𝐒𝐓𝐎𝐓𝐎𝟗𝟗. Jangan salahin gue kalo lo jadi betah 😜",spam
"Nice, langsung dipraktekin",non_spam
𝐾𝑒𝑠𝑢𝑘𝑎𝑎𝑛 𝑠𝑎𝑦𝑎 𝑡𝑢ℎ..𝐵𝑒𝑏𝑒𝑘 ℎ𝑖𝑡𝑎𝑚... 𝐸𝑛𝑎𝑘𝑛𝑦𝑎 𝑏𝑖𝑘𝑖𝑛 𝑛𝑔𝑖𝑙𝑒𝑟𝑟𝑟𝑟 𝑇𝑎𝑝𝑖 𝐿𝑒𝑏𝑖ℎ 𝐸𝑛𝑎𝑘 𝐵𝑒𝑟𝑚𝑎𝑖𝑛 𝐷𝑖 𝐆𝐄𝐋𝐎𝐑𝐀𝟒𝐃 ℎ𝑎ℎ𝑎ℎ...,spam
Dari LIMPUL ribu ke 5 juta tuh cuma di 𝐷𝙊𝙍𝐀𝟩𝟩. gachor bener,spam
"BERKAH99 dapet troll dong tadi malem, hoki tingkat dewa.",spam
hanya di TAKJUB4D yang selalu dikasih menang tiap hari 🎉,spam
⚡ Baru gabung langsung menang gede! situs NAGAMASTOTO luar biasa! 💎😍💰🔥,spam
"🏆 TON4D, paket lengkap! Ceritanya nyentuh, mainnya smooth, hadiah bikin senyum!",spam
14:15 Wajib viral ini!𝗕𝗘𝗥𝗞𝗔𝗛𝟵𝟵,spam
"Terimakasih atas dedikasinya, pasti banyak effort yang masuk ke tiap video, salam dari Surabaya",non_spam
Dapet insight baru dari video ini yang belum pernah gua temuin sebelumnya,non_spam
KINO4D gak pernah gagal 🔥 kualitasnya selalu beda dari yang lain,spam
Ditunggu video selanjutnya,non_spam
"Kini telah hadir situs terbaru, terupdate dan resmi *JAVALAND88*",spam
Buruan ajak coba seru-seruan di ＣＡＮＴＩＫ７７⚡ doang,spam
Ini tipe konten yang bikin gua betah di YouTube berjam-jam,non_spam
gamau banyak bacot gua bang nanti di kira sales wkwk gua cuman mau share situs ⚡𝐓𝐀𝐁𝐔𝐍𝐆𝟒𝐃 ⚡ yang sering gua mainin itu gacor,spam
"Perspektifnya menarik, bikin gua mikir dari sudut pandang yang beda hehe",non_spam
Cover ini lebih enak didengernya dari versi originalnya menurut gua,non_spam
"Nasehatnya ringan tapi dalam,👉 NAGA138 buat mikir dan refleksi diri. Terima kasih udah berbagi energi positif kayak gini, semoga makin banyak orang yang terbantu.",spam
Dapet insight baru dari video ini yang belum pernah gua temuin sebelumnya,non_spam
"Mechanical skills lu gila, udah berapa tahun main game ini",non_spam
Impian suksesku semakin kuat karena dukungan dari 🍭 *KYT4D* 🍭,spam
"GILA ​❗​❗ PENGEN BANGET SHARE KE TEMAN-TEMAN 𝐆𝐚𝐜𝟎𝐫𝐰𝐢𝐧𝟏𝟑𝟖, Ｍａｎｔａｐ",spam
38:13 tenang bang kalo mau belajar filsafat bisa di 🅂🄰🅂🅃🅁🄰4🄳,spam
"04:01 Konsisten upload tiap hari, mantap ⭐ ️𝘽𝙀𝙍𝙆𝘼𝙃99 ⭐️",spam
"Gua udah ikutin dari episode pertama dan kualitasnya konsisten bagus, salam kenal",non_spam
05:22 Kamu luar biasa! 🍁 𝗕𝗘𝗥𝗞𝗔𝗛𝟵𝟵 🍁 selalu mendukung langkah suksesmu.,spam
Meski sudah tua Efren reyes selalu jadi andalan Sama seperti 𝐁𝐔𝐊𝐈𝐓𝟒𝐃,spam
😂 Liat videonya sambil nahan laper itu ujian berat 😭 BBCA4D 🤤,spam
"Suaranya merdu banget, langsung masuk playlist favorit gua",non_spam
mau trik terlarang ?? coba ketik di google PANTAU4D di situ akan di kasih trik trik nya cuman di PANTAU4D yang baik hati,spam
Baru kali ini liat battle mental yang bikin ngangguk dan ngakak sekaligus 😂 🔥𝐏𝐒𝐓𝐎𝐓𝐎𝟗𝟗🔥 dukung terus konten moral + hiburan kayak gini!,spam
penasaran? 𝗕𝗔𝗠𝗕𝗨𝟵𝟵 memang suka kasi hadiah,spam
"Sarannya masuk akal dan langsung bisa diaplikasikan di kehidupan nyata, salam kenal",non_spam
"Suaranya merdu banget, langsung masuk playlist favorit gua btw",non_spam
Main bareng yang seru? Semua ada di ☠🍔 𝑅𝒪𝑀𝒜𝟦𝒟 ♨♤,spam
Harusnya lebih banyak yang tau penyanyi sebagus ini,non_spam
Bikin senyum-senyum sendiri! Kayak pas buka 𝐏𝐒𝐓𝐎𝐓𝐎𝟗𝟗 dan liat saldo nambah,spam
"Rezeki hari ini luar biasa, berkat DORA77 semuanya jadi lebih mudah! 🐂",spam
Baru subscribe tapi langsung marathon nonton dari video pertama,non_spam
"Makan bebeb viral di jaminnn enak banget , kayak situs SIAPBET gacorr bangett gak ada dua nyaa",spam
Pengen banget ikut kelas atau workshop kalau ada yang diselenggarakan,non_spam
"Sumpah, vibes-nya pas banget! Kalau lo suka yang kayak gini, lo bakal betah banget mantengin 𝐏𝐒𝐓𝐎𝐓𝐎𝟗𝟗!",spam
Udah nonton berkali-kali! 𝗣𝗟U𝐓𝐎𝟖8,spam
Lancar lancar bang salam Jepe ⭐𝗕𝗘𝗥𝗞𝗔𝗛𝟵𝟵,spam
Gemes overload + hoki overload? Dua-duanya cuma di sini dan 𝐏𝐒𝐓𝐎𝐓𝐎𝟗𝟗,spam
"Tolong bikin lanjutan videonya, penasaran sama materi berikutnya, nunggu video berikutnya",non_spam
Hp kentang gini mana kuat kayak BERKAH99 pas ikut mabar.,spam
🔥 PuIauwin 🔥 lagi g4cor,spam
"🤤 Liat lauknya aja udah bikin laper, apalagi makannya porsi sultan 😆 BBCA4D 🔥",spam
"Bermanfaat banget ini, keep it up!",non_spam
Konten berkualitas,non_spam
💥 Bener-bener candu! TON𝟒𝐃 = menang yang bikin tercengang!,spam
"Pertama kali nonton langsung subscribe, kualitasnya beda",non_spam
09:15 pantas saja timeline ku penuh dengan 𝗕𝗘𝗥𝗞𝗔𝗛𝟵𝟵  terbaik sekali rupanya,spam
"serius merapat,,HARTA138 lagi bocor",spam
"Aloy nih tiap buka YouTube pasti nongol, viralnya gak ada obat 😆 sama kayak 💎𝔹𝔹ℂ𝔸𝟜𝔻💎 yang gak pernah absen kasih hoki~",spam
Orang kampung aku semua udh join di *PANGERAN88*,spam
mantap mih emang😂 𝐀𝐁𝐒88 DP minimal 5rb bisa menang jutaan🎉,spam
"00:57 Berkah rezeki hari ini berkat,🌍 𝗕𝗘𝗥𝗞𝗔𝗛𝟵𝟵 🌍 puji syukur!",spam
"09:10 Masyaallah, ❤ 𝗕𝗘𝗥𝗞𝗔𝗛𝟵𝟵 🔴 bikin takjub! Visualnya kece, ceritanya mengalir dengan indah, dan untungnya luar biasa. Hiburan yang bikin ketagihan! ✨",spam
Mantap!,non_spam
Top kontennya,non_spam
⚡ 𝗕𝗔𝗥𝗗𝗜𝟰𝗗 ⚡ Hari ini pasti MENANG !!,spam
"double kill ini mah om vincent akhirnya syuting lagi, eh bintang tamunya pas vincent prtma kali balik syuting langsung ngundang caca  Daftar PANDAWA88 yang akan membantu menuju kemenangan terbaik, Segera bergabung dengan bermain di PANDAWA88 🔥",spam
Kualitas produksi videonya jauh meningkat dibanding beberapa bulan lalu btw,non_spam
𝐗𝐔𝐗𝐔𝟒𝐃 memang terbaik dah pasti betah terus dah,spam
"Main di 🧒𝐏𝐒𝐓𝐎𝐓𝐎𝟗𝟗 bikin happy terus, hiburan nomor satu! 😡",spam
Mantap!,non_spam
Kapan lagi liat Nuy yang biasanya gaspol malah kayak bocil kena omelan emak 😆 🔥𝐏𝐒𝐓𝐎𝐓𝐎𝟗𝟗🔥 ngakak gak berenti!,spam
"sekeder ingetin aja ini mah, 𝐓𝐎𝐆𝐀𝟒𝐃 situs aman dan terpercaya udah pasti gacor dan ada juga bonus mingguannya",spam
"Udah coba banyak tempat, tapi  BERKAH99  paling mantep! Ga nyangka bakal sering menang, jadi ketagihan! ",spam
𝗞𝗮𝗽𝘁𝗲𝗻77 - 𝗦𝗶𝘁𝘂𝘀 𝗿𝗲𝘀𝗺𝗶 𝗮𝗺𝗮𝗻 & 𝗧𝗲𝗿𝗽𝗲𝗿𝗰𝗮𝘆𝗮 2025,spam
Berbagi itu indah bosku >>> *JAVALAND88*,spam
Gua udah 3 minggu konsisten belajar dari sini dan hasilnya terasa - terimakasih ya,non_spam
Kenapa bisa segemes ini sih?! 💯𝐏𝐒𝐓𝐎𝐓𝐎𝟗𝟗 juga segemes liat saldo gue naik,spam
gaskenn terus dah di 𝐗𝐔𝐗𝐔𝟒𝐃 asik ngasiihhh mntepp,spam
"''𝐃𝐎𝐋𝐀𝟒𝐃'' Lagi ada bonus gedek gedekan,buruan ambil keberuntungan kalian hari ini,,,,,,",spam
"Pengen bisa di level ini, masih jauh tapi semoga bisa tercapai",non_spam
Buruan ajak serbu bareng di ＣＡＮＴＩＫ７７⚡ sekarang,spam
"Konten gameplay lu selalu chill, cocok ditonton buat relaksasi, semoga makin berkembang",non_spam
Penjelasan terbaik yang pernah gua denger,non_spam
Sang legend walaupun udah tua aura nya tetap beda 𝕊𝔸𝕁𝔸𝕂𝟜𝔻,spam
"06:18 Sambil nunggu kereta, ada yang nyetel video tentang 𝘽𝙀𝙍𝙆𝘼𝙃99 .",spam
"Auto subscribe, nunggu video berikutnya",non_spam
Setting yang lu pake apa? Mouse dan keyboard brand apa yang dipake - terimakasih ya,non_spam
Dapet insight baru dari video ini yang belum pernah gua temuin sebelumnya,non_spam
Subtitle bahasa Indonesia akan sangat membantu yang baru belajar hehe,non_spam
I̳n̳i̳ ̳y̳g̳ ̳k̳u̳ ̳t̳u̳n̳g̳g̳u̳-̳t̳u̳n̳g̳g̳u̳ 😅😅 𝐆𝐚𝐜𝟎𝐫𝐰𝐢𝐧𝟏𝟑𝟖,spam
"Nonton ini sebelum tidur, malah jadi terlalu semangat dan ga bisa tidur",non_spam
Gue rela begadang tiap malem demi ngikutin event di BERKAH99,spam
"Penjelasannya mudah dipahami, makasih sudah berbagi ilmunya, semoga makin berkembang",non_spam
Pertanyaan: kalau datanya beda format apakah langkahnya tetap sama?,non_spam
"Solusi Combo untuk kamu yang suka layanan R3smi, Trust, dan PSt Untung – hanya di ✨ 𝐒𝐈𝐉𝐀𝙂𝙊𝟖𝟖 ✨",spam
beneran gampang menang kalo main di ⚡𝗦𝗨𝗣𝗘𝗥𝗠𝗢𝗡𝗘𝗬𝟴𝟴⚡,spam
"16:45 Sejak pagi buka HP, yang pertama muncul pasti 𝘽𝙀𝙍𝙆𝘼𝙃99 .",spam
Sambil makan core masa ga mampir di PSTOTO99 aree are,spam
"Lanjutkan terus kak, salam kenal",non_spam
Cobain dah main di 🟩 𝗕𝗔𝗥𝗗𝗜𝟰𝗗 🟩 jangan mau ketinggalan,spam
Gua tunjukin ini ke dosen dan beliau bilang ini penjelasan yang bagus,non_spam
"Arrangement musiknya kreatif, aransemennya beda dari yang lain",non_spam
Gua malah baru tau hal ini padahal udah lama ikutin topik ini,non_spam
"Konten berkualitas tinggi, standar 💎 𝐁𝐄𝐌𝟒𝐃 💎emang top!",spam
kesukaan aku nih main di 𝐗𝐔𝐗𝐔𝟒𝐃,spam
Setuju banget sama poin ketiga yang disebutkan di video ini - terimakasih ya,non_spam
Udah nonton 3 kali masih nemu hal baru yang kelewatan,non_spam
Grafiknya di 👑 𝐁𝐄𝐌𝟒𝐃 👑 keren abis! Gameplaynya juga seru!,spam
Ga nyangka ada yang mau berbagi ilmu seberharga ini secara gratis,non_spam
Setting yang lu pake apa? Mouse dan keyboard brand apa yang dipake,non_spam
Aku selalu diarahkan pada kemenangan oleh ❄️ *KYT4D* ❄️!,spam
3:10 Dijamin happy temen nongkrong terbaik 𝘽𝙀𝙍𝙆𝘼𝙃99 🤩,spam
Ditunggu video selanjutnya hehe,non_spam
davina caramoy emang selalu pesonanya gokil banget 𝐉𝐀𝐋𝐀𝐊𝟒𝐃 ❤,spam
"Terus berkarya ya, ilmu yang disebarkan pasti jadi manfaat buat banyak orang btw",non_spam
"Penjelasannya detail banget, tiap poin dikasih contoh yang jelas, nunggu video berikutnya",non_spam
Udah diputar lebih dari 50 kali masih belum bosen juga,non_spam
"Mantap!, keep it up!",non_spam
"Mechanical skills lu gila, udah berapa tahun main game ini",non_spam
"Sempet coba yang lain tapi gak semanis di 𝗕𝗔𝗠𝗕𝗨𝟵𝟵  ,coba deh cari aja di google",spam
"Aduh gemesnya tuh ga ngotak! Cuan di 𝐏𝐒𝐓𝐎𝐓𝐎𝟗𝟗 juga sama, ga ngotak",spam
Kapan rilis single originalnya? Penasaran sama karya originalnya btw,non_spam
Cepetan ajak coba seru-seruan di ＣＡＮＴＩＫ７７⚡ bareng kita,spam
𝗕𝗘𝗥𝗞𝗔𝗛𝟵𝟵 ini apa sih sebenernya? Kok bisa segitunya nyebar?,spam
"Gw gak ngerti mereka ngomong apa, tapi tetep nonton... kayak buka 𝐏𝐒𝐓𝐎𝐓𝐎𝟗𝟗 padahal tau hasilnya 😭",spam
Update terbaru dari KYT4D bikin makin mudah menang! Gabung sekarang dan buktikan! 💎,spam
"""Kesuksesan adalah hasil dari kerja keras dan ketekunan"", kata 𝐆𝐄𝐋𝐎𝐑𝐀𝟒𝐃 blom afdol kalo blom nyobain dieee",spam
"Nonton ini sambil ngopi pagi, mood belajar langsung naik drastis - terimakasih ya",non_spam
"Gak banyak kreator yang bisa nyentuh sisi emosional penontonnya, tapi kamu berhasil. ❤ PISAU4D ❤ Aku nonton video ini sambil merenung, dan aku rasa aku gak sendirian. Terima kasih sudah menghadirkan situs gacor seperti PISAU4D. (っ◔◡◔)っ ♥ ✨",spam
"Bukan soal janji, tapi pengalaman bermain yang memuaskan di 𝗦𝗔𝗔𝗧𝟰𝗗",spam
𝙠𝙚𝙧𝙚𝙣 𝙗𝙖𝙣𝙜𝙚𝙩𝙩 𝙣𝙪𝙮𝙮𝙮... 𝙨𝙖𝙢𝙖 𝙠𝙖𝙮𝙖𝙠 𝙙𝙞 𝙂𝙀𝙇𝙊𝙍𝘼4𝘿 𝙠𝙚𝙧𝙚𝙣 𝙗𝙖𝙣𝙜𝙚𝙩𝙩𝙩𝙩,spam
"09:02 Mau beli kopi, kasirnya malah nyaranin 𝗕𝗘𝗥𝗞𝗔𝗛𝟵𝟵, gila gak tuh?",spam
Harusnya lebih banyak yang tau penyanyi sebagus ini,non_spam
expresi reza arap sampai bingung 𝐉𝐀𝐋𝐀𝐊𝟒𝐃 bisa memberikan rezeki terus ❤,spam
Konten ini beneran bantu gua yang lagi belajar dari nol,non_spam
Berkah rezeki hari ini berkat (𝗖𝗡𝗗88) puji syukur.,spam
"Marapthon seru, tapi cuan-nya di 𝐏𝐀𝐑𝐊𝐈𝐓𝟒𝐃. Gak cuma nonton yang deg-degan, main juga bisa dag-dig-dug… nunggu jackpot! Yuk daftar, siapa tahu kamu next pemenang besar!",spam
Nikmati permainan yang gampang cuan di 【﻿ＳＵＰＥＲＭＯＮＥＹ８８】,spam
Sarannya masuk akal dan langsung bisa diaplikasikan di kehidupan nyata hehe,non_spam
"Jangan berhenti bikin konten, channel ini sumber belajar utama gua",non_spam
Konten berkualitas btw,non_spam
07:44 BERKAH99 ini apa sih sebenernya? Kok bisa segitunya nyebar?,spam
enakk nya pagi pagi sarapan KOBE4D mau beli apapun psatiii bsia dahh cobain dah maen di KOBE4D,spam
"𝗕𝗘𝗥𝗞𝗔𝗛𝟵𝟵 bikin kaya beneran, mantap!",spam
"Terimakasih atas dedikasinya, pasti banyak effort yang masuk ke tiap video",non_spam
😆 Prank nggak berhenti nambah nasi bikin suasana makin ngakak 🤣 BBCA4D 🎉,spam
Subtitle bahasa Indonesia akan sangat membantu yang baru belajar,non_spam
"Makasih udah konsisten upload, channel ini jadi referensi utama gua",non_spam
"Semoga makin banyak yang tau channel ini, kontennya terlalu bagus",non_spam
02:41 🌍 𝗕𝗘𝗥𝗞𝗔𝗛𝟵𝟵 🌍 bikin luar biasa! Tiap detik penasaran. Sukses!💯,spam
Situs 🧡 BERKAH99🧡 yang sangat responsif 💯 dan 💯 terpercaya. Saya sudah menang beberapa kali di BERKAH99 dan proses penarikan selalu cepat,spam
"Suaranya merdu banget, langsung masuk playlist favorit gua",non_spam
Setting yang lu pake apa? Mouse dan keyboard brand apa yang dipake,non_spam
Saran aja nih bang sesama player !!! mending main  di (𝗖𝗡𝗗88) bang RTP game nya di atas 90% semua,spam
𝐔𝐍𝐒𝐔𝐑𝟏𝟑𝟖 MAIN DIKIT W3D3 GAK PELIT dimana lagi klo bukan di sini,spam
0:03 Keren boleh coba bang gas di 𝗕𝗘𝗥𝗞𝗔𝗛𝟵𝟵,spam
Bisa kasih tips buat yang masih di rank bawah? Susah naik sendiri,non_spam
"Teknik vokalnya solid, vibrato dan phrasing-nya bagus, keep it up!",non_spam
"10:13 Gak sabar share ke temen soal ❤ 𝗕𝗘𝗥𝗞𝗔𝗛𝟵𝟵 🔴! Ceritanya bikin penasaran, kemenangannya bikin happy! ❤️",spam
"BERKAH99? TERBAIKK, jepe terus bro! selalu bikin happy! 拾拾",spam
caeer lagi caer lagi ! 𝑾𝑬𝑻𝑶𝑵88 emang ga ada obat dehh,spam
Gua udah 3 minggu konsisten belajar dari sini dan hasilnya terasa,non_spam
"𝐜𝐮𝐦𝐚 𝐝𝐮𝐝𝐮𝐤 𝐬𝐚𝐧𝐭𝐚𝐢 𝐬𝐚𝐣𝐚 𝐬𝐮𝐝𝐚𝐡 𝐛𝐢𝐬𝐚 𝐝𝐚𝐩𝐚𝐭 𝐃𝐔𝐈𝐓 𝐛𝐚𝐧𝐲𝐚𝐤 , 𝐬𝐮𝐝𝐚𝐡 𝐩𝐚𝐬𝐭𝐢 𝐝𝐢 𝐓𝐎𝐆𝐀𝟒𝐃 𝐲𝐚 𝐛𝐫𝐞 , 𝐥𝐚𝐧𝐠𝐬𝐮𝐧𝐠 𝐬𝐚𝐣𝐚 𝐠𝐚𝐛𝐮𝐧𝐠 𝐝𝐚𝐧 𝐝𝐚𝐩𝐚𝐭𝐤𝐚𝐧 𝐝𝐮𝐢𝐭 𝐭𝐞𝐫𝐛𝐚𝐧𝐲𝐚𝐤 ..",spam
Penjelasan step by step kayak gini yang paling gampang diikutin pemula,non_spam
"😂 Tanboy Kun kalau makan emang nggak ada remnya, nasi kapau nambah terus 🤣 BBCA4D 🍛",spam
𝘿O𝐑𝘈𝟕𝟽 adalah platform yang dirancang dengan mempertimbangkan pengguna. 🤔 🤭,spam
"Build ini op banget, langsung nyoba di ranked dan langsung menang",non_spam
"Gua dengerin ini sambil kerja, produktivitas langsung naik",non_spam
𝐷𝙊𝙍𝐀𝟩𝟩 mekswin tiap hari!,spam
"Makasih udah konsisten upload, channel ini jadi referensi utama gua",non_spam
Logonya kayak situs si kakek ...anu....😂😂😂😂😂,spam
Kemenangan ini semakin istimewa berkat kehadiran 🟢 𝗕𝗔𝗥𝗗𝗜𝟰𝗗 🟢,spam
Ada yang tau resource lain yang setara kualitasnya sama channel ini,non_spam
ᴡ ᴀ ᴋ ᴀ ᴛ ᴏ ᴛ ᴏ  SITUS TERPERCAYA DAN TERGACOR 2025,spam
Garcep banget  -SIAPKAYA88,spam
Lebih suka format video panjang yang detail daripada yang singkat,non_spam
"Bersama 🍭 *KYT4D* 🍭, aku yakin bisa mengubah impian menjadi kenyataan",spam
"Ga nyangka utang bisa lunas main di 𝐷𝙊𝙍𝐀𝟩𝟩, gokil banget",spam
Dari marah-marah mending buka 𝐉𝐀𝐋𝐀𝐊𝟒𝐃 sudah di pastikan akan menjadi bahagia!!,spam
Ada yang tau resource lain yang setara kualitasnya sama channel ini,non_spam
"Baru subscribe tapi langsung marathon nonton dari video pertama, nunggu video berikutnya",non_spam
Auto subscribe,non_spam
"Gua udah nonton ulang bagian teamfight-nya 5 kali, bener-bener keren",non_spam
"Nonton ini berasa dapet ceramah tapi dibungkus podcast, keren banget neneknya. 🔥𝐏𝐒𝐓𝐎𝐓𝐎𝟗𝟗🔥 approve 💯",spam
Selalu jadi andalan main 𝐁𝐔𝐊𝐈𝐓𝟒𝐃,spam
Jangan lupa ajak kumpul di ＣＡＮＴＩＫ７７⚡ bareng kita,spam
Ini tipe konten yang bikin gua betah di YouTube berjam-jam,non_spam
Makasih banyak sudah berbagi ilmu ini secara gratis,non_spam
"Berkah rezeki hari ini berkat ⭐𝗪𝗘𝗧𝗢𝗡𝟴𝟴,puji syukur!",spam
Bermanfaat banget ini,non_spam
"Indra ngomong 1 kalimat = 5 detik mikir. Gw mikir juga, ‘masih pantas gak ya main 𝑷𝑺𝑻𝑶𝑻𝑶𝟗𝟗 tiap malam?",spam
"Arrangement musiknya kreatif, aransemennya beda dari yang lain - terimakasih ya",non_spam
"02:51 Kalau kayak gini setiap hari ku pastikan betah main di sini,🀄𝗕𝗘𝗥𝗞𝗔𝗛𝟵𝟵 🀄 mantap! 💯",spam
Penjelasan step by step kayak gini yang paling gampang diikutin pemula,non_spam
Gak pernah kecewa sama hasilnya! Ketik di google 🐋𝗝𝗨𝗡𝗜𝗢𝗥𝟴𝟴🐋,spam
RESPECT sih sama situs 𝐓𝐔𝐘𝐔𝐋𝟏𝟑𝟖 setiap hari gua di kasih wd terus,spam
"Gua udah 3 minggu konsisten belajar dari sini dan hasilnya terasa, keep it up!",non_spam
(っ◔◡◔)っ ♥ yang  pasti kasih wede = sodaslot88 ♥,spam
GW YANG HABIS WD 57 JUTA BILEK🔥🔥🔥🔥 #seru69 😘😘,spam
Paling recomend ni situs ❤ BERKAH99❤️ baru nyoba uda dikasih maxwin bro,spam
"Arafah emang ga kalah kocaknya , king aloy makin hebat 𝕊𝔸𝕁𝔸𝕂𝟜𝔻",spam
0:14  Gokil 🐣 ℙ𝔼𝕃𝔸𝕋𝕀ℍ𝟜𝔻🐣 berhasil bikin klip singkat ini yang super menakjubkan,spam
"yakin gak mau main di  situs 𝖡𝖴𝖬𝖡𝖴𝖬77? ini situs kga ngotak sih, masa gampang banget wd nya",spam
Nggak heran deh kalo kolom komentar penuh sama ✌𝐌𝐀𝐍𝘿𝘼𝙇𝙄𝙆𝘼𝟕𝟕✌.,spam
"Gameplay-nya clean, gak ada momen panik yang bikin malu btw",non_spam
Cepetan ajak gabung ke ＣＡＮＴＩＫ７７⚡ tempatnya,spam
Ada yang bisa rekomendasiin buku bacaan yang topiknya sejalan sama ini,non_spam
Lebih cocok nya lagi bermain di 𝐒𝐄𝐏𝐀𝐓𝐔𝟒𝐃,spam
"Arrangement musiknya kreatif, aransemennya beda dari yang lain",non_spam
"Cara ngajarnya santai tapi tetep informatif, cocok banget buat pemula",non_spam
Bagaimana kalau duet nya bareng di 𝑩𝑼𝑲𝑰𝑻4𝑫😂,spam
kemaren saya cobain bawa umpang 30K di 𝐒𝐐𝐔𝐀𝐃𝟕𝟕𝟕 𝐭𝐮𝐣𝐮𝐡 𝐭𝐮𝐣𝐮𝐡 𝐭𝐮𝐣𝐮𝐡 dapet besar !!,spam
Kemenangan ini semakin bermakna karena adanya dukungan dari 🟢 𝗕𝗔𝗥𝗗𝗜𝟰𝗗 🟢,spam
"Tiap kali ada video baru langsung nonton, udah jadi ritual harian",non_spam
Subtitle bahasa Indonesia akan sangat membantu yang baru belajar,non_spam
01:19 Semoga rezeki dari 𝗕𝗘𝗥𝗞𝗔𝗛𝟵𝟵 membawa keberuntungan!,spam
Emang legend si tidak usah di ragukan lagi 𝗦𝗘𝗣𝗔𝗧𝗨𝟰𝗗 udah pasti Keren,spam
"Awal main udh dikasih menang,apa ga menayala kali situs nya 𝗞𝗨𝗦𝗨𝗠𝗔𝗧𝗢𝗧𝗢",spam
03:17 Kontennya ⭐ ️𝘽𝙀𝙍𝙆𝘼𝙃99 ⭐️ ngasih vibe positif,spam
1.261.784 orang sudah Daftar bersama ✅ 𝗕𝗔𝗥𝗗𝗜𝟰𝗗 ✅,spam
Tolong ini lucu banget! Sambil nahan ngakak sambil pasang angka di 𝐏𝐒𝐓𝐎𝐓𝐎𝟗𝟗,spam
🟩 𝐁𝐀𝐑𝐃𝐈𝟒𝐃 🟩 adalah teknologi yang diidamkan setiap gamer.,spam
"Jangan berhenti bikin konten, channel ini sumber belajar utama gua",non_spam
"02:03 Subhanallah, ❤ 𝗕𝗘𝗥𝗞𝗔𝗛𝟵𝟵 🔴 bikin takjub! Visualnya kece, ceritanya mengalir penuh makna, dan kemenangannya bikin hati berbunga. Pengalaman yang nggak terlupakan! ✨",spam
"Penjelasan step by step kayak gini yang paling gampang diikutin pemula, nunggu video berikutnya",non_spam
"Jepe trs tiap hari, cuma di 𝐷𝙊𝙍𝐀𝟩𝟩",spam
5:39 𝘽𝙀𝙍𝙆𝘼𝙃99 tuh bikin nyaman parah.,spam
"Suaranya merdu banget, langsung masuk playlist favorit gua, keep it up!",non_spam
Liriknya relatable banget sama situasi yang lagi gua rasain sekarang,non_spam
⚡𝗦𝗨𝗣𝗘𝗥𝗠𝗢𝗡𝗘𝗬𝟴𝟴⚡ di pekalongan gak ada obat,spam
"Pengen bisa di level ini, masih jauh tapi semoga bisa tercapai",non_spam
Gokil 🐣 ℙ𝔼𝕃𝔸𝕋𝕀ℍ𝟜𝔻🐣 berhasil bikin klip singkat ini yang super menakjubkan 0:16,spam
"di menit 04:36 Seru banget kalau menang di 𝗕𝗘𝗥𝗞𝗔𝗛𝟵𝟵, nggak nyangka bisa segampang ini!",spam
"Cicilan rumahku LUNAS gara gara main di 🤲 BERKAH99 🤲HEHEHEHE, bukan hoax ya ini.Emang beneran mantap ini situs BERKAH99",spam
Akhirnya nemu penjelasan yang bener-bener masuk di kepala,non_spam
"Tenggok brok tuh ♛𝑷𝑶𝑨𝟖𝟖♛ vibes-nya dapet, pada setia dan sering rame-rame",spam
GG,non_spam
"12:10 ❤ 𝘽𝙀𝙍𝙆𝘼𝙃99 🔴, kamu emang the best! Setiap main bikin ketagihan, ceritanya relate, visualnya top! 🌟",spam
Ini tipe konten yang bikin gua betah di YouTube berjam-jam,non_spam
"Ini enak banget keliatannya, asli! Tapi aku penasaran deh, lebih enak yang sambal ijo apa sambal matah? Yang pernah nyobain, komen dong! 👇 𝚂𝙰𝚂𝚃𝚁𝙰𝟺𝙳",spam
"𝐷𝙊𝙍𝐀𝟩𝟩 Sumpah ini situs gacor bgt, depo kecil aja udah cuan gede",spam
"Main di 𝐷𝙊𝙍𝐀𝟩𝟩, auto menang",spam
"Penjelasannya detail banget, tiap poin dikasih contoh yang jelas",non_spam
"""Setiap langkah kecil yang kamu ambil, membawa kamu lebih dekat pada tujuanmu Untuk Menuju Kesuksesan Di ℝ𝔸𝔾𝔸𝕂𝕌𝟠𝟠 """,spam
dari pada cari cari situs yang gak aman sama janji janji coba u maen di BERKAH99 gw abis ngerasain wd disana,spam
"05:17 cuma mau info aja barusan gw dikasih Dapet 2jt main di game mahyong ways2, di web BERKAH99 bener kata temen gw, emang kebukti bocor.",spam
"19:28 Sekali follow ⭐ ️𝘽𝙀𝙍𝙆𝘼𝙃99 ⭐️, auto setia",spam
"𝗕𝗘𝗥𝗞𝗔𝗛𝟵𝟵 bikin cuaan tiada henti, top markotop!",spam
Makasih banyak kak,non_spam
"Map awareness lu bagus banget, jarang ada yang bisa kayak gitu",non_spam
Terbaik hari ini! 𝗕𝗘𝗥𝗞𝗔𝗛𝟵𝟵,spam
"01:04 Subhanallah, ❤ 𝘽𝙀𝙍𝙆𝘼𝙃99 🔴 bikin takjub! Ceritanya inspiratif, visualnya keren, untungnya luar biasa! 🙌",spam
Neneknya bukan sembarang nenek… ini sih Master Roshi versi syar’i 😆 Respect banget! 🔥𝐏𝐒𝐓𝐎𝐓𝐎𝟗𝟗 🔥 jadi makin sadar kalau yang tua belum tentu kalah power!,spam
"Nonton ini sebelum tidur, malah jadi terlalu semangat dan ga bisa tidur, salam kenal",non_spam
Setuju banget sama poin ketiga yang disebutkan di video ini,non_spam
【ÇÄRÌ ÐÌ GÖÖGLÈ：】:  【LAZADATOTO 】🔥🔥 bikin gue selalu stay positif karena gacornya,spam
"jepey di 𝐷𝙊𝙍𝐀𝟩𝟩, gmpng banget",spam
"Kalau belum tau nyatanya, Jangan menilain dari katanya> Coba aja【﻿ＫＵＡＳ４Ｄ】Banyak kemenangan",spam
"Terimakasih atas dedikasinya, pasti banyak effort yang masuk ke tiap video",non_spam
Gua tunjukin ini ke dosen dan beliau bilang ini penjelasan yang bagus,non_spam
akhirnya jepe juga di BERKAH99,spam
Ulang tahun tuh momen pas banget buat mulai cuan bareng 😏𝔹𝔹ℂ𝔸𝟜𝔻 🎊!,spam
"Semoga makin banyak yang tau channel ini, kontennya terlalu bagus btw",non_spam
"📌 𝐁𝐀𝐑𝐃𝐈𝟒𝐃 📌 itu tentang keberuntungan, tapi cintaku padamu tentang kepastian",spam
"─═𝗕𝗘𝗥𝗞𝗔𝗛𝟵𝟵 ═─ emang juara, rezeki gak ada abisnya!",spam
"Gua dengerin ini sambil kerja, produktivitas langsung naik, salam dari Surabaya",non_spam
"Arrangement musiknya kreatif, aransemennya beda dari yang lain",non_spam
"Konten ini relate sama pengalaman gua waktu baru mulai belajar, salam dari Surabaya",non_spam
loh PSTOTO99 kok ada di 00:30 ?? emang ngasih mulu nih PSTOTO99,spam
"Modal dikit, hasilnya luar biasa, lo gak bakal nyangka. cuma di →ＰＵＬＡＵ７７７🔥",spam
Fajar sedih mulu nih aku rekomedasi game yang seru seru cuma di S𝐄P𝐀T𝐔4𝐃 supaya fajar ga sedih lagi,spam
Hidup senang bahagia itu mudah cukup kunjungi saja 🔥𝐒𝑬𝑻𝐀𝐍𝑻𝐎𝑻𝐎🔥 pasti banget,spam
Mantap!,non_spam
aloy selalu terbaik lawakanya  💥 𝐆𝐀𝐋𝐀𝐓𝐀𝐌𝐀𝟖𝟖  💥,spam
Situs palling mantap ya di NAGAMASTOTO 😍 BRADER,spam
"Tiap kali ada video baru langsung nonton, udah jadi ritual harian hehe",non_spam
Keren banget,non_spam
no bacot bacot langusng ngasih nih 𝗦𝗘𝗡𝗗𝗔𝗟𝟰𝗗,spam
02:56 Gas terus kak ⭐ 𝗕𝗘𝗥𝗞𝗔𝗛𝟵𝟵,spam
"Tidak akan kecewa bermain bersama kami, bergaransi ! *JAVALAND88*",spam
"Nonton ini sebelum tidur, malah jadi terlalu semangat dan ga bisa tidur, salam kenal",non_spam
Keseruan baru setiap hari hanya di ☠🍔 𝑅𝒪𝑀𝒜𝟦𝒟 ♨♤,spam
⚡𝗦𝗨𝗣𝗘𝗥𝗠𝗢𝗡𝗘𝗬𝟴𝟴⚡di tanjungpinang nihh,spam
Keren banget,non_spam
09:11 Ngisi waktu kosong pun enaknya sambil lihat konten!🀄 𝗕𝗘𝗥𝗞𝗔𝗛𝟵𝟵 🀄,spam
Ampun bikin ngiler sumpah liat nya aja enak banget  nonton sambil bermain 𝐒𝐄𝐏𝐀𝐓𝐔𝟒𝐃 lebih seru,spam
Boleh minta source codenya kak? Mau coba modifikasi sendiri,non_spam
"Jangan ragu untuk memaafkan diri sendiri. Robot saja bisa salah, apalagi manusia 【﻿ＳＵＰＥＲＭＯＮＥＹ８８】",spam
Gua bagiin ke komunitas online dan responsnya positif semua,non_spam
Situs palling mantap ✌NAGAMASTOTO✌ 📊,spam
saya mewakili salatiga ⚡𝗦𝗨𝗣𝗘𝗥𝗠𝗢𝗡𝗘𝗬𝟴𝟴⚡,spam
Sudah banyak situs yg aku ikuti tapi tak ada satupun yang berhasil membuktikan kecuali NAGAMASTOTO,spam
"Penjelasannya mudah dipahami, makasih sudah berbagi ilmunya",non_spam
bogor ngiringan a ⚡𝗦𝗨𝗣𝗘𝗥𝗠𝗢𝗡𝗘𝗬𝟴𝟴⚡,spam
"Di medan ketidakpastian, Disini adalah kompas BERKAH99",spam
Rezeki dari 𝗕𝗘𝗥𝗞𝗔𝗛𝟵𝟵 emang gak terduga! Terima kasih ya Tuhan!,spam
jepey di 𝐷𝙊𝙍𝐀𝟩𝟩 gmpng banget,spam
"Konten Yang Selalu di Tunggu - Tunggu , Semangat Teruss ! 🎯 𝐒𝐀𝐒𝐓𝐑𝐀𝟒𝐃",spam
"Arrangement musiknya kreatif, aransemennya beda dari yang lain",non_spam
"Gabut ? Mampir disini bro, manfaatkan waktu luangmu buat sesuatu yg menguntungkan *JAVALAND88*",spam
"Smnjak nyoba 🌸𝑷𝑶𝑨𝟖𝟖🌸 makan ku sehari"" jadi penuh lek",spam
"Setiap usaha pasti ada hasilnya, semoga 📌 𝗕𝗔𝗥𝗗𝗜𝟰𝗗 📌 mempercepat datangnya cuan",spam
"Gak perlu menang 🌐 𝐁𝐀𝐑𝐃𝐈𝟒𝐃 🌐 kalau sudah punya kamu, karena kamu sumber kebahagiaanku",spam
akhirnya jepe juga di 【𝗕𝗘𝗥𝗞𝗔𝗛𝟵𝟵】,spam
Suka sama gayanya ngajar hehe,non_spam
Seru nonton sambil spin di 𝕊𝔼ℙ𝔸𝕋𝕌𝟜𝔻,spam
"Penasaran banget, kenapa 𝗕𝗘𝗥𝗞𝗔𝗛𝟵𝟵, ini bisa begitu sering memberi hadiah besar?",spam
Tutorial hero ini paling lengkap yang pernah gua tonton di YouTube,non_spam
"jaya selalu buat BERKAH99, barusan diksi j4j4n 2juta m0dal 100rbu aja , makasih jugak buat kalian dan..doa terbaik untuk BERKAH99 sukses selalu amin amin amin",spam
Tidak ada ruginya untuk bermain di ✅ 𝗕𝗔𝗥𝗗𝗜𝟰𝗗 ✅,spam
nontom podcastnya auto ngakak😂 apalagi sambil di temanin 𝐉𝐀𝐋𝐀𝐊𝟒𝐃,spam
Gua malah baru tau hal ini padahal udah lama ikutin topik ini hehe,non_spam
"Ini channel pertama yang bikin gua betah nonton video lebih dari 20 menit, semoga makin berkembang",non_spam
Ada yang bisa rekomendasiin buku bacaan yang topiknya sejalan sama ini,non_spam
Emosi yang disampaiin lewat suaranya bisa kerasa banget,non_spam
Kasih tau temen-temen lo main bareng ke ＣＡＮＴＩＫ７７⚡ nih,spam
"part paling epic pas dapat di 𝗕𝗔𝗠𝗕𝗨𝟵𝟵 gokil, no debat",spam
"Gua download videonya buat ditonton offline, sayang kalau kelewatan",non_spam
Konten berkualitas,non_spam
Gak pernah gagal PSTOTO99,spam
"Gemes parahhh kayak jackpot gue semalem di 𝐏𝐒𝐓𝐎𝐓𝐎𝟗𝟗, ga boong",spam
"Jika Anda menghargai kinerja yang konsisten, 𝗕𝗘𝗥𝗞𝗔𝗛𝟵𝟵-layak dipertimbangkan.",spam
Konten berkualitas,non_spam
Demi apa? *PANGERAN88* langsung ngasihh,spam
Tutorial hero ini paling lengkap yang pernah gua tonton di YouTube,non_spam
05:44 Suka banget sama 𝗕𝗘𝗥𝗞𝗔𝗛𝟵𝟵 ! Platformnya gampang dipake! 🎉,spam
"01:02 ❤ 𝗕𝗘𝗥𝗞𝗔𝗛𝟵𝟵 🔴, apa sih rahasia kamu bikin ketagihan? Ceritanya penuh inspirasi, gameplay-nya seru, dan hadiahnya bikin takjub! 💎",spam
Fix ga bakal mau pindah dari PSTOTO99 aneh banget kalau ke yang lain !!,spam
Mudah dipahami,non_spam
"Gameplay-nya clean, gak ada momen panik yang bikin malu",non_spam
"Udah coba LNPLAY88? Modal receh, hasil ngegass🎉",spam
SLOT PALING GACOR DI DUNIA CUMA DI #RAJATOTO,spam
game online PSTOTO99 makin hari makin cuan❤,spam
"Modal kecil berubah jadi keuntungan besar di 𝘋𝙊𝘙𝘼7𝟽, amazing banget! 😠 😡",spam
Cara mainnya beda banget dari youtuber lain yang pernah gua tonton,non_spam
Suka sama gayanya ngajar,non_spam
✌𝐏𝐒𝐓𝐎𝐓𝐎𝟗𝟗✌ gampang banget nyari di google🥹,spam
Cari situs terpercaya ya cuman JARUM77,spam
kenapa gak dari awal mainya di 【﻿ＳＵＰＥＲＭＯＮＥＹ８８】 aja proses cepat on fire lagi gamenya,spam
"Pengen ngobrol langsung, ada discord atau komunitas yang bisa diikutin",non_spam
𝐗𝐔𝐗𝐔𝟒𝐃 gak pernah bohong dah soal rasa aman dan nyaman dah.,spam
"Konten gameplay lu selalu chill, cocok ditonton buat relaksasi",non_spam
😄 Abang-abang warungnya sampe bingung liat Tanboy nambah terus 😂 BBCA4D 😅,spam
Lebih suka format video panjang yang detail daripada yang singkat,non_spam
"Gua download videonya buat ditonton offline, sayang kalau kelewatan",non_spam
DUO INDRA TOBAT DITANTANG ORANG INI   BATRE4D GAME GACOR,spam
"Penjelasannya mudah dipahami, makasih sudah berbagi ilmunya",non_spam
"Main 🔥 𝗕𝗔𝗥𝗗𝗜𝟰𝗗 🔥 ini nggak cuma seru, tapi bisa juga bikin saldo nambah banyak!",spam
"Emosi yang disampaiin lewat suaranya bisa kerasa banget, salam dari Surabaya",non_spam
"g prnah bosan gua main di  𝙟𝙥𝙩𝙤𝙜𝙚𝙡77  , situs nya ga pelit kya situs2 lain nya, main g lama lngsng di ksh wd",spam
MantapGaruda-Hoki gua maxwin😎🔥,spam
"Setiap scroll FYP pasti ada Aloy, tapi di tab favorit gue tetep 🌈𝔹𝔹ℂ𝔸𝟜𝔻🌈 🙌",spam
Maelle aja main di VOLI4D,spam
"Bermanfaat banget ini, semoga makin berkembang",non_spam
Boleh minta source codenya kak? Mau coba modifikasi sendiri,non_spam
Ada yang mau diskusi lebih lanjut soal topik ini di kolom komentar,non_spam
Konten ini beneran bantu gua yang lagi belajar dari nol,non_spam
"💥 Ledakan warna di TON4D! Cerita nempel banget, animasi mulus, bonus mood naik.",spam
"Ini yang gua cari dari minggu lalu, makasih udah upload",non_spam
"Langsung dipraktekin dan berhasil, tutorial ini top banget",non_spam
"Ini yang gua butuhin, semoga makin berkembang",non_spam
Kok bisa segemes ini sih?! Kayak hoki gue di 💯𝐏𝐒𝐓𝐎𝐓𝐎𝟗𝟗 yang dateng tanpa aba-aba,spam
"Kontennya berkelas, 💥 𝐊𝐎𝐁𝐄𝟒𝐃  💥 vibes-nya nyaman, dan penyampaiannya natural. Harusnya udah masuk trending sih, soalnya segini bagusnya jarang banget.  💚",spam
Kualitas produksi videonya jauh meningkat dibanding beberapa bulan lalu,non_spam
Gua malah baru tau hal ini padahal udah lama ikutin topik ini,non_spam
Gak pernah bosen main di 𝘋O𝙍𝘈𝟽𝟩! Selalu ada hal baru!,spam
Lebih suka format video panjang yang detail daripada yang singkat,non_spam
Pertanyaan: kalau datanya beda format apakah langkahnya tetap sama?,non_spam
Yang kayak gini harusnya jadi nasional gemes! Sambil nunggu hoki di 𝐏𝐒𝐓𝐎𝐓𝐎𝟗𝟗,spam
"Hari yang penuh kebahagiaan bersama 𝗟𝗘𝗦𝗧𝗜𝟳𝟳, rezeki datang menghampiri dengan sendirinya!",spam
"Kamu itu seperti hadiah utama 🌐 𝐁𝐀𝐑𝐃𝐈𝟒𝐃 🌐 langka, berharga, dan bikin aku bahagia",spam
Ini jawaban dari pertanyaan yang udah gua cari dari beberapa bulan lalu,non_spam
caeer lagi caer lagi ! PSTOTO99 emang ga ada obat dehh,spam
"Gak usah ragu lagi, bro! HIGH4D itu mantul banget!",spam
"Kami bangga akan pencapaian ini, terima kasih ✅ 𝗕𝗔𝗥𝗗𝗜𝟰𝗗 ✅ atas kontribusinya",spam
C*ri di Google: Voxy88 Gebyar Bonus Akhir Tahun VOXY88,spam
Mudah dipahami,non_spam
Ada yang tau resource lain yang setara kualitasnya sama channel ini,non_spam
"Gua dengerin ini sambil kerja, produktivitas langsung naik",non_spam
❄️ *KYT4D* ❄️ menghadirkan kemudahan dan kemenangan dalam hidupku!,spam
Kapan rilis single originalnya? Penasaran sama karya originalnya,non_spam
Asli beneran gampang sc*tter di 🚩 𝗕𝗘𝗥𝗞𝗔𝗛𝟵𝟵🚩 cari aja di google,spam
"bisa gak sih kalian itu main di situs BERKAH99 , udah pasti UNTUNG kalo gak percaya gak mau untung ya udah sih gak pernah maksa",spam
"gacir banget, jangan lewatkan 𝐷𝙊𝙍𝐀𝟩𝟩",spam
Harusnya banyak yang liat ini! 𝗕𝗘𝗥𝗞𝗔𝗛𝟵𝟵,spam
Keren abis 𝐖𝐄𝐓𝐎𝐍𝟖𝟖,spam
Recommended banget,non_spam
"Gua share ke grup belajar, semua pada suka dan bilang makasih",non_spam
Real berikan profit secara instant STASIUNHOKI88,spam
"Berkat DORA77 saya melesat, dari petani kecil ke bos agribisnis. 🏐",spam
"Gua bagiin ke komunitas online dan responsnya positif semua, nunggu video berikutnya",non_spam
"gemes, 💯𝐏𝐒𝐓𝐎𝐓𝐎𝟗𝟗 bikin dompet ikut gemes",spam
kata tmn gw 𝗃𝗉𝗍𝗈𝗀𝖾𝗅77 rame bgt tuh situs bre gila,spam
Satu hal yang bikin channel ini beda adalah cara penyampaiannya,non_spam
Selalu beda tiap upload! 𝗕𝗘𝗥𝗞𝗔𝗛𝟵𝟵,spam
Kalian udah coba ☯NAGAMASTOTO☯? Recommended banget ni situs!,spam
🔥 SLOTFAFA88 GACOR SETIAP HARI! 🔥,spam
Pas banget buat healing! 𝗕𝗘𝗥𝗞𝗔𝗛𝟵𝟵,spam
"Map awareness lu bagus banget, jarang ada yang bisa kayak gitu btw",non_spam
Mau gue simpen di kantong! Tapi kantongnya udah penuh cuan dari 💯𝐏𝐒𝐓𝐎𝐓𝐎𝟗𝟗,spam
Dari sekian konten yang pernah gua konsumsi ini yang paling berkesan,non_spam
"Di menit 05:36 ,Rezeki nomplok hari ini berkat 𝗕𝗘𝗥𝗞𝗔𝗛𝟵𝟵, alhamdulillah!",spam
Emosi yang disampaiin lewat suaranya bisa kerasa banget,non_spam
"Solusi pintar untuk kamu yang suka layanan cepat, Trust, dan PSt Untung – hanya di ✨ 𝐒𝐈𝐉𝐀𝙂𝙊𝟖𝟖 ✨",spam
10:19 Hasilnya rapi &amp; estetik #𝘽𝙀𝙍𝙆𝘼𝙃99 ✨ bener-bener puas,spam
"Strategi ini cocok buat solo queue, gua udah coba dan lumayan work, keep it up!",non_spam
"Permainan Efren Reyes emang murni sih sangat memanjakan mata, tidak perlu di ragukan . Tapi lebih murni lagi menangnya di GELORA4D ❤️",spam
"Tiap kali ada video baru langsung nonton, udah jadi ritual harian btw",non_spam
19:45 Semua tongkrongan kekinian pasti udah kenal 𝘽𝙀𝙍𝙆𝘼𝙃99 .,spam
"Jika Anda menghargai solusi yang berwawasan ke depan, D𝙊𝘙A7𝟕 mungkin cocok. 🤣 😅",spam
"Pertama kali nonton langsung subscribe, kualitasnya beda, salam dari Surabaya",non_spam
"Langsung dipraktekin dan berhasil, tutorial ini top banget, salam kenal",non_spam
Cara mainnya beda banget dari youtuber lain yang pernah gua tonton,non_spam
"Riwayat kalah ku hanya di situs sebelah, cuman ☯NAGAMASTOTO☯ SITUS penyelamat keuangan ku..",spam
"Peluang ada, hiburan utama mainkan dengan strategi di 𝙎𝘼𝘼𝙏4𝘿",spam
Menarik dan sangat seru 🌸𝗦𝗜𝗡𝗗𝗘𝗡𝟰𝗗🌸emang paling keren selalu menghibur❤,spam
"Tadinya niat nonton 1 menit aja, eh malah sampe habis, terus repeat lagi. 💚 𝐏𝐋𝐔𝐓𝐎𝟖𝟖  🧡 Video ini ada jimatnya apa gimana ya? 😂 Pokoknya ngakak parah sih, respect buat yang bikin!",spam
11:51 𝐖𝐀𝐇𝐀𝐍𝐀𝟖𝟖𝟖 ngak ada lawan,spam
Seru banget❤ 𝐀𝐁𝐒88 minimal DP cuma 5rb menang jutaan🎉,spam
Ajak temen-temen lo masuk ke ＣＡＮＴＩＫ７７⚡,spam
Cover ini lebih enak didengernya dari versi originalnya menurut gua,non_spam
"🌼 Biar harimu makin berwarna, bareng TON4D ya—like ya!",spam
"Alhamdulillah, setelah penantian beberapa saat dan akhirnya...jepe gede d situs nagamastoto,padahal iseng aja tadinya gabut ,eh beneran jp woi,ku gas terus lah kan asli asyik",spam
Penjelasan terbaik yang pernah gua denger,non_spam
"Konten gameplay lu selalu chill, cocok ditonton buat relaksasi, salam kenal",non_spam
"Mechanical skills lu gila, udah berapa tahun main game ini hehe",non_spam
"Gameplay-nya clean, gak ada momen panik yang bikin malu",non_spam
paling seru emng nih😂 𝐀𝐁𝐒88 modal 5rb menang jutaan ges🎉,spam
Next video minta yang duo ranked bareng subscriber dong,non_spam
"Main santai, tapi hasil serius. Join 𝑷𝑺𝑻𝑶𝑻𝑶𝟗𝟗 sekarang!",spam
𝐬𝐚𝐥𝐚𝐡 𝐤𝐚𝐧 𝐩𝐢𝐥𝐢𝐡 𝐲𝐚𝐧𝐠 𝐠𝐚 𝐛𝐚𝐠𝐮𝐬 ? 𝐧𝐢 𝐈𝐍𝐒𝐀𝐍𝟒𝐃 𝐲𝐚𝐧𝐠 𝐬𝐚𝐧𝐠𝐚𝐭 𝐥𝐨𝐠𝐢𝐜 𝐝𝐢 𝐦𝐚𝐢𝐧𝐤𝐚𝐧 𝐝𝐚𝐧 𝐬𝐚𝐧𝐠𝐚𝐭 𝐛𝐚𝐠𝐮𝐬 .. 𝐩𝐢𝐥𝐢𝐡 𝐲𝐚𝐧𝐠 𝐩𝐚𝐬𝐭𝐢 𝐬𝐚𝐣𝐚 𝐲𝐚 𝐛𝐫𝐨𝐨,spam
"✨GA 𝐑𝐔𝐃a 𝐇𝐎 Ki 🌟puterannya slay bro Member baru depo 25k dikira ZOONK, puteran trakHIR malah di kasih maxwin 🎉😛",spam
viral banget ⚡𝗦𝗨𝗣𝗘𝗥𝗠𝗢𝗡𝗘𝗬𝟴𝟴⚡sayang kalo gak di coba,spam
20:20 Pantas trending! 𝗕𝗘𝗥𝗞𝗔𝗛𝟵𝟵,spam
"Strategi ini cocok buat solo queue, gua udah coba dan lumayan work",non_spam
🦅 JALAK4D 🦅 modal receh WD paus😊,spam
【﻿ＳＩＲＵＰ４Ｄ】 sudah pasti terjamin dan terpercaya .,spam
Satu hal yang bikin channel ini beda adalah cara penyampaiannya hehe,non_spam
Ada kesalahan kecil di menit 8 angkanya harusnya 0.05 bukan 0.5 - terimakasih ya,non_spam
Rasakan menjadi sultan setiap hari bersama KUAS4D,spam
"Arrangement musiknya kreatif, aransemennya beda dari yang lain",non_spam
Konten berkualitas,non_spam
PSTOTO99 keren banget 😊,spam
Makasih banyak kak,non_spam
Ajak temen-temen lo gabung ke ＣＡＮＴＩＫ７７⚡ nih,spam
Akhirrrnyaaa bagus konten abang !! luar biasa coba main di PSTOTO99,spam
lain kali bikin project nya di 𝔹𝕌𝕂𝕀𝕋𝟜𝔻 pasti seru,spam
Videonya adem dan menenangkan! 𝗕𝗘𝗥𝗞𝗔𝗛𝟵𝟵,spam
"Gua dengerin ini sambil kerja, produktivitas langsung naik",non_spam
🟢 𝗕𝗔𝗥𝗗𝗜𝟰𝗗 🟢 satu satunya platform yang memiliki tingkat kemenangan paling tinggi,spam
"Lanjutkan terus kak, salam dari Surabaya",non_spam
"Tiap kali ada video baru langsung nonton, udah jadi ritual harian",non_spam
Konten ini relate sama pengalaman gua waktu baru mulai belajar,non_spam
Keren banget videonya! 𝗣𝗟U𝐓𝐎𝟖8,spam
"4:22 Sumpah estetik banget!! Transisi halus, warna-warnanya bikin adem,🀄𝗕𝗘𝗥𝗞𝗔𝗛𝟵𝟵🀄dan musik latarnya cocok banget! 💯",spam
"16:27 Ya Tuhan, ❤ 𝘽𝙀𝙍𝙆𝘼𝙃99 🔴 bikin speechless! Visualnya memanjakan mata, ceritanya penuh makna! 👏",spam
King aloy selalu jadi idola😊 Sukses selalu usahnya 𝐉𝐀𝐋𝐀𝐊𝟒𝐃,spam
𝐗𝐔𝐗𝐔𝟒𝐃 emang teman terbaik ku,spam
berkah selalu ya kak ⚡𝗦𝗨𝗣𝗘𝗥𝗠𝗢𝗡𝗘𝗬𝟴𝟴⚡pastijepe,spam
Kamu itu seperti angka jitu di ⭐ 𝐁𝐀𝐑𝐃𝐈𝟒𝐃 ⭐ tepat di hati dan gak pernah salah,spam
"Udah kayak hubungan sehat, tiap spin kasih perhatian 😆 #WIFI4D",spam
bagus dah ini emang 𝐗𝐔𝐗𝐔𝟒𝐃 bikin senang aja tiap hari,spam
"Sukses bukanlah kebetulan, tapi hasil dari kerja keras dan 🍭 *KYT4D* 🍭",spam
Gk heran sih banyak orang yang ngomongin *PANGERAN88*,spam
IDRWIN88 ✅ Promo Booster Winrate Sabtu & Minggu,spam
𝐏𝐒𝐓𝐎𝐓𝐎𝟗𝟗 gak pernah bikin kecewa emang dikasih terusss mantappp,spam
03:12 Udah pada tau ⭐ ️𝘽𝙀𝙍𝙆𝘼𝙃99 ⭐️ belum? Nih akun fenomenal!,spam
🔥 𝐋𝐄𝐕𝐈𝐒𝟒𝐃 🔥 perkalian pecah beruntun hanya di sini,spam
rekomendasi situs gacor cuma puIau777,spam
Cara mainnya beda banget dari youtuber lain yang pernah gua tonton,non_spam
"Main di →ＰＵＬＡＵ７７７🔥 tuh rasanya enak banget, bro!",spam
Rezeki mengikuti ke mana pun aku bersama ❄️ *KYT4D* ❄️!,spam
"Cuan tiada henti bareng ＢＥＲＫＡＨ９９, emang top.",spam
Setting yang lu pake apa? Mouse dan keyboard brand apa yang dipake - terimakasih ya,non_spam
"Masyaallah, ❤𝐌𝐎𝐍𝐀𝟒𝐃❤ bener-bener bikin takjub! Dari visual sampai cerita, semuanya dikemas dengan apik. Gak cuma hiburan, tapi juga inspiratif. Wajib coba buat yang belum join! 👏",spam
BERKAH99 apaan sih di google??,spam
"Buseet berapa piring itu, mending duit nya buat modal dulu di 𝐈𝐍𝐒𝐀𝐍𝟒𝐃 , baru otw Ama pacar ke lokasi 😂",spam
RTP akurat dan tertinggi 🔥 𝗕𝗔𝗥𝗗𝗜𝟰𝗗 🔥,spam
umur tidak jadi batasan untuk terus menjadi yang terbaik terima kasih 𝐁𝐔𝐊𝐈𝐓𝟒𝐃 sukses selalu❤,spam
Gua rekomendasiin channel ini ke semua temen yang mau belajar,non_spam
masa depan cerah Bersama ⚡𝗦𝗨𝗣𝗘𝗥𝗠𝗢𝗡𝗘𝗬𝟴𝟴⚡,spam
Ajak temen-temen lo serbu bareng di ＣＡＮＴＩＫ７７⚡ sekarang,spam
Paling recomend ni situs ❤️ BERKAH99❤️ baru nyoba uda dikasih maxwin bro,spam
Satu hal yang bikin channel ini beda adalah cara penyampaiannya,non_spam
"02:03 Cocok banget buat ide bisnis di rumah, simple tapi menguntungkan! Kalau 𝗕𝗘𝗥𝗞𝗔𝗛𝟵𝟵, main simple tapi hadiahnya besar!",spam
"Pengen ngobrol langsung, ada discord atau komunitas yang bisa diikutin",non_spam
Gua rekomendasiin channel ini ke semua temen yang mau belajar,non_spam
🪩 Hari ini waktunya TON4D kasih vibes positif! 🎉 Like dulu yuk!,spam
"Gameplay-nya clean, gak ada momen panik yang bikin malu",non_spam
"""Connect ke 𝐖𝐈𝐅𝐈𝟒𝐃, putus hubungan sama dompet tipis! 💸""",spam
klau kek gini terus tiap hari mah betah aj aku main di 𝐗𝐔𝐗𝐔𝟒𝐃,spam
Wah baru tau nih,non_spam
Jangan bilang gue gak kasih tahu ya... 𝐏𝐒𝐓𝐎𝐓𝐎𝟗𝟗 lagi rame banget! Isinya gak ngebosenin sama sekali!,spam
"Bisa gak sih diem dikit, gemesnya nyerang banget! Kayak notif saldo masuk 𝐏𝐒𝐓𝐎𝐓𝐎𝟗𝟗",spam
king aloy pun terpelongo di hadapan bocah bocah kosong😂 sambil di temenin 𝐁𝐔𝐊𝐈𝐓𝟒𝐃,spam
"Gua share ke grup belajar, semua pada suka dan bilang makasih - terimakasih ya",non_spam
Dapet insight baru dari video ini yang belum pernah gua temuin sebelumnya,non_spam
𝐗𝐔𝐗𝐔𝟒𝐃 emang game paling mntap dah bocor teruss,spam
Ada yang mau diskusi lebih lanjut soal topik ini di kolom komentar,non_spam
06:45 Polanya lagi jalan banget bosku! Spin dikit langsung meledak di 🔥𝗝𝗨𝗡𝗜𝗢𝗥𝟴𝟴🔥 bosku!,spam
Pokoknya DORA77 recommended banget buat semua! ♂,spam
9:57 malem-malem enaknya buka 𝘽𝙀𝙍𝙆𝘼𝙃99 🚀,spam
"Aku adalah pemenang, dan ❄️ *KYT4D* ❄️ adalah keberuntunganku!",spam
🦅 JALAK4D 🦅 pasti  WD,spam
"Nice, langsung dipraktekin",non_spam
Gas ajak join bareng di ＣＡＮＴＩＫ７７⚡ paling seru,spam
"Gameplay-nya clean, gak ada momen panik yang bikin malu",non_spam
"Makasih 𝐀𝐄𝑅𝑂𝟴８, rezeki datang terus tanpa henti! 🙂 🙃",spam
Semoga rezeki dari 𝗕𝗘𝗥𝗞𝗔𝗛𝟵𝟵 membawa keberuntungan!,spam
"Ini yang gua cari dari minggu lalu, makasih udah upload",non_spam
Ini channel pertama yang bikin gua betah nonton video lebih dari 20 menit,non_spam
"𝐷𝙊𝙍𝐀𝟩𝟩 gachor banget, mekswin terus",spam
"Terbaik ❤ memang kak , salam 𝗕𝗔𝗠𝗕𝗨𝟵𝟵",spam
